DATE,DEXUSEU
2015-04-03T21:00:00+00:00,1.0990
2015-04-06T21:00:00+00:00,1.1008
2015-04-07T21:00:00+00:00,1.0850
2015-04-08T21:00:00+00:00,1.0818
2015-04-09T21:00:00+00:00,1.0671
2015-04-10T21:00:00+00:00,1.0598
2015-04-13T21:00:00+00:00,1.0582
2015-04-14T21:00:00+00:00,1.0672
2015-04-15T21:00:00+00:00,1.0596
2015-04-16T21:00:00+00:00,1.0742
2015-04-17T21:00:00+00:00,1.0780
2015-04-20T21:00:00+00:00,1.0763
2015-04-21T21:00:00+00:00,1.0758
2015-04-22T21:00:00+00:00,1.0729
2015-04-23T21:00:00+00:00,1.0803
2015-04-24T21:00:00+00:00,1.0876
2015-04-27T21:00:00+00:00,1.0892
2015-04-28T21:00:00+00:00,1.0979
2015-04-29T21:00:00+00:00,1.1174
2015-04-30T21:00:00+00:00,1.1162
2015-05-01T21:00:00+00:00,1.1194
2015-05-04T21:00:00+00:00,1.1145
2015-05-05T21:00:00+00:00,1.1174
2015-05-06T21:00:00+00:00,1.1345
2015-05-07T21:00:00+00:00,1.1283
2015-05-08T21:00:00+00:00,1.1241
2015-05-11T21:00:00+00:00,1.1142
2015-05-12T21:00:00+00:00,1.1240
2015-05-13T21:00:00+00:00,1.1372
2015-05-14T21:00:00+00:00,1.1368
2015-05-15T21:00:00+00:00,1.1428
2015-05-18T21:00:00+00:00,1.1354
2015-05-19T21:00:00+00:00,1.1151
2015-05-20T21:00:00+00:00,1.1079
2015-05-21T21:00:00+00:00,1.1126
2015-05-22T21:00:00+00:00,1.1033
2015-05-25T21:00:00+00:00,.
2015-05-26T21:00:00+00:00,1.0876
2015-05-27T21:00:00+00:00,1.0888
2015-05-28T21:00:00+00:00,1.0914
2015-05-29T21:00:00+00:00,1.0994
2015-06-01T21:00:00+00:00,1.0913
2015-06-02T21:00:00+00:00,1.1130
2015-06-03T21:00:00+00:00,1.1285
2015-06-04T21:00:00+00:00,1.1271
2015-06-05T21:00:00+00:00,1.1108
2015-06-08T21:00:00+00:00,1.1232
2015-06-09T21:00:00+00:00,1.1284
2015-06-10T21:00:00+00:00,1.1307
2015-06-11T21:00:00+00:00,1.1236
2015-06-12T21:00:00+00:00,1.1278
2015-06-15T21:00:00+00:00,1.1266
2015-06-16T21:00:00+00:00,1.1238
2015-06-17T21:00:00+00:00,1.1244
2015-06-18T21:00:00+00:00,1.1404
2015-06-19T21:00:00+00:00,1.1335
2015-06-22T21:00:00+00:00,1.1378
2015-06-23T21:00:00+00:00,1.1190
2015-06-24T21:00:00+00:00,1.1178
2015-06-25T21:00:00+00:00,1.1196
2015-06-26T21:00:00+00:00,1.1156
2015-06-29T21:00:00+00:00,1.1180
2015-06-30T21:00:00+00:00,1.1154
2015-07-01T21:00:00+00:00,1.1084
2015-07-02T21:00:00+00:00,1.1090
2015-07-03T21:00:00+00:00,.
2015-07-06T21:00:00+00:00,1.1076
2015-07-07T21:00:00+00:00,1.0952
2015-07-08T21:00:00+00:00,1.1072
2015-07-09T21:00:00+00:00,1.1025
2015-07-10T21:00:00+00:00,1.1150
2015-07-13T21:00:00+00:00,1.1020
2015-07-14T21:00:00+00:00,1.1015
2015-07-15T21:00:00+00:00,1.0965
2015-07-16T21:00:00+00:00,1.0898
2015-07-17T21:00:00+00:00,1.0848
2015-07-20T21:00:00+00:00,1.0850
2015-07-21T21:00:00+00:00,1.0927
2015-07-22T21:00:00+00:00,1.0884
2015-07-23T21:00:00+00:00,1.0976
2015-07-24T21:00:00+00:00,1.0976
2015-07-27T21:00:00+00:00,1.1112
2015-07-28T21:00:00+00:00,1.1055
2015-07-29T21:00:00+00:00,1.1026
2015-07-30T21:00:00+00:00,1.0914
2015-07-31T21:00:00+00:00,1.1028
2015-08-03T21:00:00+00:00,1.0962
2015-08-04T21:00:00+00:00,1.0953
2015-08-05T21:00:00+00:00,1.0868
2015-08-06T21:00:00+00:00,1.0922
2015-08-07T21:00:00+00:00,1.0958
2015-08-10T21:00:00+00:00,1.0994
2015-08-11T21:00:00+00:00,1.1042
2015-08-12T21:00:00+00:00,1.1198
2015-08-13T21:00:00+00:00,1.1144
2015-08-14T21:00:00+00:00,1.1110
2015-08-17T21:00:00+00:00,1.1078
2015-08-18T21:00:00+00:00,1.1028
2015-08-19T21:00:00+00:00,1.1061
2015-08-20T21:00:00+00:00,1.1200
2015-08-21T21:00:00+00:00,1.1356
2015-08-24T21:00:00+00:00,1.1580
2015-08-25T21:00:00+00:00,1.1410
2015-08-26T21:00:00+00:00,1.1390
2015-08-27T21:00:00+00:00,1.1239
2015-08-28T21:00:00+00:00,1.1172
2015-08-31T21:00:00+00:00,1.1194
2015-09-01T21:00:00+00:00,1.1263
2015-09-02T21:00:00+00:00,1.1242
2015-09-03T21:00:00+00:00,1.1104
2015-09-04T21:00:00+00:00,1.1117
2015-09-07T21:00:00+00:00,.
2015-09-08T21:00:00+00:00,1.1182
2015-09-09T21:00:00+00:00,1.1165
2015-09-10T21:00:00+00:00,1.1262
2015-09-11T21:00:00+00:00,1.1338
2015-09-14T21:00:00+00:00,1.1307
2015-09-15T21:00:00+00:00,1.1260
2015-09-16T21:00:00+00:00,1.1304
2015-09-17T21:00:00+00:00,1.1312
2015-09-18T21:00:00+00:00,1.1358
2015-09-21T21:00:00+00:00,1.1204
2015-09-22T21:00:00+00:00,1.1133
2015-09-23T21:00:00+00:00,1.1160
2015-09-24T21:00:00+00:00,1.1252
2015-09-25T21:00:00+00:00,1.1192
2015-09-28T21:00:00+00:00,1.1236
2015-09-29T21:00:00+00:00,1.1246
2015-09-30T21:00:00+00:00,1.1162
2015-10-01T21:00:00+00:00,1.1200
2015-10-02T21:00:00+00:00,1.1276
2015-10-05T21:00:00+00:00,1.1200
2015-10-06T21:00:00+00:00,1.1266
2015-10-07T21:00:00+00:00,1.1249
2015-10-08T21:00:00+00:00,1.1282
2015-10-09T21:00:00+00:00,1.1363
2015-10-12T21:00:00+00:00,.
2015-10-13T21:00:00+00:00,1.1382
2015-10-14T21:00:00+00:00,1.1437
2015-10-15T21:00:00+00:00,1.1418
2015-10-16T21:00:00+00:00,1.1360
2015-10-19T21:00:00+00:00,1.1320
2015-10-20T21:00:00+00:00,1.1359
2015-10-21T21:00:00+00:00,1.1345
2015-10-22T21:00:00+00:00,1.1140
2015-10-23T21:00:00+00:00,1.1016
2015-10-26T21:00:00+00:00,1.1051
2015-10-27T21:00:00+00:00,1.1052
2015-10-28T21:00:00+00:00,1.1066
2015-10-29T21:00:00+00:00,1.0963
2015-10-30T21:00:00+00:00,1.1042
2015-11-02T22:00:00+00:00,1.1026
2015-11-03T22:00:00+00:00,1.0946
2015-11-04T22:00:00+00:00,1.0861
2015-11-05T22:00:00+00:00,1.0869
2015-11-06T22:00:00+00:00,1.0746
2015-11-09T22:00:00+00:00,1.0767
2015-11-10T22:00:00+00:00,1.0686
2015-11-11T22:00:00+00:00,.
2015-11-12T22:00:00+00:00,1.0768
2015-11-13T22:00:00+00:00,1.0722
2015-11-16T22:00:00+00:00,1.0708
2015-11-17T22:00:00+00:00,1.0634
2015-11-18T22:00:00+00:00,1.0638
2015-11-19T22:00:00+00:00,1.0746
2015-11-20T22:00:00+00:00,1.0660
2015-11-23T22:00:00+00:00,1.0602
2015-11-24T22:00:00+00:00,1.0652
2015-11-25T22:00:00+00:00,1.0616
2015-11-26T22:00:00+00:00,.
2015-11-27T22:00:00+00:00,1.0596
2015-11-30T22:00:00+00:00,1.0562
2015-12-01T22:00:00+00:00,1.0620
2015-12-02T22:00:00+00:00,1.0573
2015-12-03T22:00:00+00:00,1.0902
2015-12-04T22:00:00+00:00,1.0884
2015-12-07T22:00:00+00:00,1.0840
2015-12-08T22:00:00+00:00,1.0876
2015-12-09T22:00:00+00:00,1.0984
2015-12-10T22:00:00+00:00,1.0948
2015-12-11T22:00:00+00:00,1.1002
2015-12-14T22:00:00+00:00,1.1025
2015-12-15T22:00:00+00:00,1.0911
2015-12-16T22:00:00+00:00,1.0937
2015-12-17T22:00:00+00:00,1.0804
2015-12-18T22:00:00+00:00,1.0847
2015-12-21T22:00:00+00:00,1.0920
2015-12-22T22:00:00+00:00,1.0978
2015-12-23T22:00:00+00:00,1.0875
2015-12-24T22:00:00+00:00,1.0955
2015-12-25T22:00:00+00:00,.
2015-12-28T22:00:00+00:00,1.0983
2015-12-29T22:00:00+00:00,1.0916
2015-12-30T22:00:00+00:00,1.0912
2015-12-31T22:00:00+00:00,1.0859
2016-01-01T22:00:00+00:00,.
2016-01-04T22:00:00+00:00,1.0803
2016-01-05T22:00:00+00:00,1.0743
2016-01-06T22:00:00+00:00,1.0762
2016-01-07T22:00:00+00:00,1.0860
2016-01-08T22:00:00+00:00,1.0885
2016-01-11T22:00:00+00:00,1.0878
2016-01-12T22:00:00+00:00,1.0837
2016-01-13T22:00:00+00:00,1.0862
2016-01-14T22:00:00+00:00,1.0862
2016-01-15T22:00:00+00:00,1.0964
2016-01-18T22:00:00+00:00,.
2016-01-19T22:00:00+00:00,1.0906
2016-01-20T22:00:00+00:00,1.0908
2016-01-21T22:00:00+00:00,1.0833
2016-01-22T22:00:00+00:00,1.0814
2016-01-25T22:00:00+00:00,1.0832
2016-01-26T22:00:00+00:00,1.0846
2016-01-27T22:00:00+00:00,1.0867
2016-01-28T22:00:00+00:00,1.0952
2016-01-29T22:00:00+00:00,1.0832
2016-02-01T22:00:00+00:00,1.0888
2016-02-02T22:00:00+00:00,1.0908
2016-02-03T22:00:00+00:00,1.1051
2016-02-04T22:00:00+00:00,1.1199
2016-02-05T22:00:00+00:00,1.1131
2016-02-08T22:00:00+00:00,1.1170
2016-02-09T22:00:00+00:00,1.1300
2016-02-10T22:00:00+00:00,1.1222
2016-02-11T22:00:00+00:00,1.1362
2016-02-12T22:00:00+00:00,1.1235
2016-02-15T22:00:00+00:00,.
2016-02-16T22:00:00+00:00,1.1140
2016-02-17T22:00:00+00:00,1.1140
2016-02-18T22:00:00+00:00,1.1092
2016-02-19T22:00:00+00:00,1.1127
2016-02-22T22:00:00+00:00,1.1018
2016-02-23T22:00:00+00:00,1.1016
2016-02-24T22:00:00+00:00,1.1021
2016-02-25T22:00:00+00:00,1.1026
2016-02-26T22:00:00+00:00,1.0932
2016-02-29T22:00:00+00:00,1.0868
2016-03-01T22:00:00+00:00,1.0847
2016-03-02T22:00:00+00:00,1.0845
2016-03-03T22:00:00+00:00,1.0948
2016-03-04T22:00:00+00:00,1.1010
2016-03-07T22:00:00+00:00,1.1004
2016-03-08T22:00:00+00:00,1.1028
2016-03-09T22:00:00+00:00,1.1022
2016-03-10T22:00:00+00:00,1.1162
2016-03-11T22:00:00+00:00,1.1180
2016-03-14T21:00:00+00:00,1.1107
2016-03-15T21:00:00+00:00,1.1112
2016-03-16T21:00:00+00:00,1.1075
2016-03-17T21:00:00+00:00,1.1316
2016-03-18T21:00:00+00:00,1.1292
2016-03-21T21:00:00+00:00,1.1260
2016-03-22T21:00:00+00:00,1.1228
2016-03-23T21:00:00+00:00,1.1174
2016-03-24T21:00:00+00:00,1.1163
2016-03-25T21:00:00+00:00,1.1164
2016-03-28T21:00:00+00:00,1.1210
2016-03-29T21:00:00+00:00,1.1204
2016-03-30T21:00:00+00:00,1.1330
2016-03-31T21:00:00+00:00,1.1390
2016-04-01T21:00:00+00:00,1.1385
2016-04-04T21:00:00+00:00,1.1386
2016-04-05T21:00:00+00:00,1.1374
2016-04-06T21:00:00+00:00,1.1430
2016-04-07T21:00:00+00:00,1.1386
2016-04-08T21:00:00+00:00,1.1406
2016-04-11T21:00:00+00:00,1.1412
2016-04-12T21:00:00+00:00,1.1395
2016-04-13T21:00:00+00:00,1.1281
2016-04-14T21:00:00+00:00,1.1262
2016-04-15T21:00:00+00:00,1.1295
2016-04-18T21:00:00+00:00,1.1322
2016-04-19T21:00:00+00:00,1.1375
2016-04-20T21:00:00+00:00,1.1330
2016-04-21T21:00:00+00:00,1.1301
2016-04-22T21:00:00+00:00,1.1239
2016-04-25T21:00:00+00:00,1.1274
2016-04-26T21:00:00+00:00,1.1318
2016-04-27T21:00:00+00:00,1.1322
2016-04-28T21:00:00+00:00,1.1325
2016-04-29T21:00:00+00:00,1.1441
2016-05-02T21:00:00+00:00,1.1516
2016-05-03T21:00:00+00:00,1.1508
2016-05-04T21:00:00+00:00,1.1486
2016-05-05T21:00:00+00:00,1.1404
2016-05-06T21:00:00+00:00,1.1421
2016-05-09T21:00:00+00:00,1.1402
2016-05-10T21:00:00+00:00,1.1386
2016-05-11T21:00:00+00:00,1.1444
2016-05-12T21:00:00+00:00,1.1380
2016-05-13T21:00:00+00:00,1.1294
2016-05-16T21:00:00+00:00,1.1328
2016-05-17T21:00:00+00:00,1.1337
2016-05-18T21:00:00+00:00,1.1276
2016-05-19T21:00:00+00:00,1.1214
2016-05-20T21:00:00+00:00,1.1207
2016-05-23T21:00:00+00:00,1.1192
2016-05-24T21:00:00+00:00,1.1145
2016-05-25T21:00:00+00:00,1.1154
2016-05-26T21:00:00+00:00,1.1184
2016-05-27T21:00:00+00:00,1.1140
2016-05-30T21:00:00+00:00,.
2016-05-31T21:00:00+00:00,1.1135
2016-06-01T21:00:00+00:00,1.1165
2016-06-02T21:00:00+00:00,1.1157
2016-06-03T21:00:00+00:00,1.1330
2016-06-06T21:00:00+00:00,1.1354
2016-06-07T21:00:00+00:00,1.1350
2016-06-08T21:00:00+00:00,1.1400
2016-06-09T21:00:00+00:00,1.1329
2016-06-10T21:00:00+00:00,1.1281
2016-06-13T21:00:00+00:00,1.1282
2016-06-14T21:00:00+00:00,1.1206
2016-06-15T21:00:00+00:00,1.1239
2016-06-16T21:00:00+00:00,1.1158
2016-06-17T21:00:00+00:00,1.1256
2016-06-20T21:00:00+00:00,1.1318
2016-06-21T21:00:00+00:00,1.1262
2016-06-22T21:00:00+00:00,1.1286
2016-06-23T21:00:00+00:00,1.1373
2016-06-24T21:00:00+00:00,1.1126
2016-06-27T21:00:00+00:00,1.1024
2016-06-28T21:00:00+00:00,1.1054
2016-06-29T21:00:00+00:00,1.1117
2016-06-30T21:00:00+00:00,1.1032
2016-07-01T21:00:00+00:00,1.1145
2016-07-04T21:00:00+00:00,.
2016-07-05T21:00:00+00:00,1.1080
2016-07-06T21:00:00+00:00,1.1077
2016-07-07T21:00:00+00:00,1.1065
2016-07-08T21:00:00+00:00,1.1038
2016-07-11T21:00:00+00:00,1.1045
2016-07-12T21:00:00+00:00,1.1074
2016-07-13T21:00:00+00:00,1.1112
2016-07-14T21:00:00+00:00,1.1109
2016-07-15T21:00:00+00:00,1.1059
2016-07-18T21:00:00+00:00,1.1076
2016-07-19T21:00:00+00:00,1.1014
2016-07-20T21:00:00+00:00,1.1007
2016-07-21T21:00:00+00:00,1.1016
2016-07-22T21:00:00+00:00,1.0968
2016-07-25T21:00:00+00:00,1.0980
2016-07-26T21:00:00+00:00,1.0984
2016-07-27T21:00:00+00:00,1.0988
2016-07-28T21:00:00+00:00,1.1094
2016-07-29T21:00:00+00:00,1.1168
2016-08-01T21:00:00+00:00,1.1176
2016-08-02T21:00:00+00:00,1.1225
2016-08-03T21:00:00+00:00,1.1170
2016-08-04T21:00:00+00:00,1.1134
2016-08-05T21:00:00+00:00,1.1080
2016-08-08T21:00:00+00:00,1.1078
2016-08-09T21:00:00+00:00,1.1110
2016-08-10T21:00:00+00:00,1.1171
2016-08-11T21:00:00+00:00,1.1168
2016-08-12T21:00:00+00:00,1.1172
2016-08-15T21:00:00+00:00,1.1199
2016-08-16T21:00:00+00:00,1.1277
2016-08-17T21:00:00+00:00,1.1263
2016-08-18T21:00:00+00:00,1.1334
2016-08-19T21:00:00+00:00,1.1326
2016-08-22T21:00:00+00:00,1.1314
2016-08-23T21:00:00+00:00,1.1308
2016-08-24T21:00:00+00:00,1.1256
2016-08-25T21:00:00+00:00,1.1274
2016-08-26T21:00:00+00:00,1.1237
2016-08-29T21:00:00+00:00,1.1182
2016-08-30T21:00:00+00:00,1.1150
2016-08-31T21:00:00+00:00,1.1146
2016-09-01T21:00:00+00:00,1.1194
2016-09-02T21:00:00+00:00,1.1158
2016-09-05T21:00:00+00:00,.
2016-09-06T21:00:00+00:00,1.1237
2016-09-07T21:00:00+00:00,1.1238
2016-09-08T21:00:00+00:00,1.1256
2016-09-09T21:00:00+00:00,1.1214
2016-09-12T21:00:00+00:00,1.1230
2016-09-13T21:00:00+00:00,1.1242
2016-09-14T21:00:00+00:00,1.1271
2016-09-15T21:00:00+00:00,1.1246
2016-09-16T21:00:00+00:00,1.1160
2016-09-19T21:00:00+00:00,1.1179
2016-09-20T21:00:00+00:00,1.1172
2016-09-21T21:00:00+00:00,1.1165
2016-09-22T21:00:00+00:00,1.1229
2016-09-23T21:00:00+00:00,1.1223
2016-09-26T21:00:00+00:00,1.1270
2016-09-27T21:00:00+00:00,1.1208
2016-09-28T21:00:00+00:00,1.1200
2016-09-29T21:00:00+00:00,1.1244
2016-09-30T21:00:00+00:00,1.1238
2016-10-03T21:00:00+00:00,1.1210
2016-10-04T21:00:00+00:00,1.1212
2016-10-05T21:00:00+00:00,1.1196
2016-10-06T21:00:00+00:00,1.1158
2016-10-07T21:00:00+00:00,1.1156
2016-10-10T21:00:00+00:00,.
2016-10-11T21:00:00+00:00,1.1062
2016-10-12T21:00:00+00:00,1.1014
2016-10-13T21:00:00+00:00,1.1038
2016-10-14T21:00:00+00:00,1.0985
2016-10-17T21:00:00+00:00,1.1000
2016-10-18T21:00:00+00:00,1.0997
2016-10-19T21:00:00+00:00,1.0966
2016-10-20T21:00:00+00:00,1.0934
2016-10-21T21:00:00+00:00,1.0866
2016-10-24T21:00:00+00:00,1.0888
2016-10-25T21:00:00+00:00,1.0890
2016-10-26T21:00:00+00:00,1.0916
2016-10-27T21:00:00+00:00,1.0904
2016-10-28T21:00:00+00:00,1.0934
2016-10-31T21:00:00+00:00,1.0962
2016-11-01T21:00:00+00:00,1.1042
2016-11-02T21:00:00+00:00,1.1119
2016-11-03T21:00:00+00:00,1.1094
2016-11-04T21:00:00+00:00,1.1121
2016-11-07T22:00:00+00:00,1.1038
2016-11-08T22:00:00+00:00,1.1034
2016-11-09T22:00:00+00:00,1.0952
2016-11-10T22:00:00+00:00,1.0882
2016-11-11T22:00:00+00:00,.
2016-11-14T22:00:00+00:00,1.0723
2016-11-15T22:00:00+00:00,1.0726
2016-11-16T22:00:00+00:00,1.0699
2016-11-17T22:00:00+00:00,1.0656
2016-11-18T22:00:00+00:00,1.0600
2016-11-21T22:00:00+00:00,1.0597
2016-11-22T22:00:00+00:00,1.0618
2016-11-23T22:00:00+00:00,1.0560
2016-11-24T22:00:00+00:00,.
2016-11-25T22:00:00+00:00,1.0595
2016-11-28T22:00:00+00:00,1.0576
2016-11-29T22:00:00+00:00,1.0626
2016-11-30T22:00:00+00:00,1.0578
2016-12-01T22:00:00+00:00,1.0634
2016-12-02T22:00:00+00:00,1.0666
2016-12-05T22:00:00+00:00,1.0723
2016-12-06T22:00:00+00:00,1.0717
2016-12-07T22:00:00+00:00,1.0758
2016-12-08T22:00:00+00:00,1.0625
2016-12-09T22:00:00+00:00,1.0541
2016-12-12T22:00:00+00:00,1.0606
2016-12-13T22:00:00+00:00,1.0635
2016-12-14T22:00:00+00:00,1.0656
2016-12-15T22:00:00+00:00,1.0375
2016-12-16T22:00:00+00:00,1.0456
2016-12-19T22:00:00+00:00,1.0444
2016-12-20T22:00:00+00:00,1.0390
2016-12-21T22:00:00+00:00,1.0425
2016-12-22T22:00:00+00:00,1.0452
2016-12-23T22:00:00+00:00,1.0449
2016-12-26T22:00:00+00:00,.
2016-12-27T22:00:00+00:00,1.0458
2016-12-28T22:00:00+00:00,1.0389
2016-12-29T22:00:00+00:00,1.0486
2016-12-30T22:00:00+00:00,1.0552
2017-01-02T22:00:00+00:00,.
2017-01-03T22:00:00+00:00,1.0416
2017-01-04T22:00:00+00:00,1.0476
2017-01-05T22:00:00+00:00,1.0598
2017-01-06T22:00:00+00:00,1.0560
2017-01-09T22:00:00+00:00,1.0576
2017-01-10T22:00:00+00:00,1.0572
2017-01-11T22:00:00+00:00,1.0501
2017-01-12T22:00:00+00:00,1.0666
2017-01-13T22:00:00+00:00,1.0625
2017-01-16T22:00:00+00:00,.
2017-01-17T22:00:00+00:00,1.0695
2017-01-18T22:00:00+00:00,1.0682
2017-01-19T22:00:00+00:00,1.0630
2017-01-20T22:00:00+00:00,.
2017-01-23T22:00:00+00:00,1.0740
2017-01-24T22:00:00+00:00,1.0749
2017-01-25T22:00:00+00:00,1.0743
2017-01-26T22:00:00+00:00,1.0670
2017-01-27T22:00:00+00:00,1.0690
2017-01-30T22:00:00+00:00,1.0681
2017-01-31T22:00:00+00:00,1.0794
2017-02-01T22:00:00+00:00,1.0758
2017-02-02T22:00:00+00:00,1.0802
2017-02-03T22:00:00+00:00,1.0792
2017-02-06T22:00:00+00:00,1.0731
2017-02-07T22:00:00+00:00,1.0690
2017-02-08T22:00:00+00:00,1.0708
2017-02-09T22:00:00+00:00,1.0658
2017-02-10T22:00:00+00:00,1.0650
2017-02-13T22:00:00+00:00,1.0603
2017-02-14T22:00:00+00:00,1.0577
2017-02-15T22:00:00+00:00,1.0597
2017-02-16T22:00:00+00:00,1.0660
2017-02-17T22:00:00+00:00,1.0614
2017-02-20T22:00:00+00:00,.
2017-02-21T22:00:00+00:00,1.0551
2017-02-22T22:00:00+00:00,1.0555
2017-02-23T22:00:00+00:00,1.0586
2017-02-24T22:00:00+00:00,1.0580
2017-02-27T22:00:00+00:00,1.0624
2017-02-28T22:00:00+00:00,1.0618
2017-03-01T22:00:00+00:00,1.0564
2017-03-02T22:00:00+00:00,1.0514
2017-03-03T22:00:00+00:00,1.0552
2017-03-06T22:00:00+00:00,1.0586
2017-03-07T22:00:00+00:00,1.0582
2017-03-08T22:00:00+00:00,1.0547
2017-03-09T22:00:00+00:00,1.0586
2017-03-10T22:00:00+00:00,1.0667
2017-03-13T21:00:00+00:00,1.0670
2017-03-14T21:00:00+00:00,1.0645
2017-03-15T21:00:00+00:00,1.0630
2017-03-16T21:00:00+00:00,1.0738
2017-03-17T21:00:00+00:00,1.0742
2017-03-20T21:00:00+00:00,1.0754
2017-03-21T21:00:00+00:00,1.0810
2017-03-22T21:00:00+00:00,1.0800
2017-03-23T21:00:00+00:00,1.0787
2017-03-24T21:00:00+00:00,1.0806
2017-03-27T21:00:00+00:00,1.0882
2017-03-28T21:00:00+00:00,1.0852
2017-03-29T21:00:00+00:00,1.0756
2017-03-30T21:00:00+00:00,1.0726
2017-03-31T21:00:00+00:00,1.0698
2017-04-03T21:00:00+00:00,1.0655
2017-04-04T21:00:00+00:00,1.0664
2017-04-05T21:00:00+00:00,1.0661
2017-04-06T21:00:00+00:00,1.0651
2017-04-07T21:00:00+00:00,1.0616
2017-04-10T21:00:00+00:00,1.0606
2017-04-11T21:00:00+00:00,1.0614
2017-04-12T21:00:00+00:00,1.0611
2017-04-13T21:00:00+00:00,1.0630
2017-04-14T21:00:00+00:00,1.0625
2017-04-17T21:00:00+00:00,1.0660
2017-04-18T21:00:00+00:00,1.0706
2017-04-19T21:00:00+00:00,1.0707
2017-04-20T21:00:00+00:00,1.0758
2017-04-21T21:00:00+00:00,1.0694
2017-04-24T21:00:00+00:00,1.0846
2017-04-25T21:00:00+00:00,1.0941
2017-04-26T21:00:00+00:00,1.0872
2017-04-27T21:00:00+00:00,1.0864
2017-04-28T21:00:00+00:00,1.0895
2017-05-01T21:00:00+00:00,1.0912
2017-05-02T21:00:00+00:00,1.0910
2017-05-03T21:00:00+00:00,1.0920
2017-05-04T21:00:00+00:00,1.0967
2017-05-05T21:00:00+00:00,1.0996
2017-05-08T21:00:00+00:00,1.0928
2017-05-09T21:00:00+00:00,1.0875
2017-05-10T21:00:00+00:00,1.0873
2017-05-11T21:00:00+00:00,1.0869
2017-05-12T21:00:00+00:00,1.0926
2017-05-15T21:00:00+00:00,1.0979
2017-05-16T21:00:00+00:00,1.1072
2017-05-17T21:00:00+00:00,1.1134
2017-05-18T21:00:00+00:00,1.1130
2017-05-19T21:00:00+00:00,1.1190
2017-05-22T21:00:00+00:00,1.1236
2017-05-23T21:00:00+00:00,1.1198
2017-05-24T21:00:00+00:00,1.1175
2017-05-25T21:00:00+00:00,1.1218
2017-05-26T21:00:00+00:00,1.1170
2017-05-29T21:00:00+00:00,.
2017-05-30T21:00:00+00:00,1.1183
2017-05-31T21:00:00+00:00,1.1236
2017-06-01T21:00:00+00:00,1.1214
2017-06-02T21:00:00+00:00,1.1270
2017-06-05T21:00:00+00:00,1.1250
2017-06-06T21:00:00+00:00,1.1266
2017-06-07T21:00:00+00:00,1.1236
2017-06-08T21:00:00+00:00,1.1217
2017-06-09T21:00:00+00:00,1.1190
2017-06-12T21:00:00+00:00,1.1204
2017-06-13T21:00:00+00:00,1.1194
2017-06-14T21:00:00+00:00,1.1277
2017-06-15T21:00:00+00:00,1.1152
2017-06-16T21:00:00+00:00,1.1194
2017-06-19T21:00:00+00:00,1.1160
2017-06-20T21:00:00+00:00,1.1124
2017-06-21T21:00:00+00:00,1.1143
2017-06-22T21:00:00+00:00,1.1148
2017-06-23T21:00:00+00:00,1.1196
2017-06-26T21:00:00+00:00,1.1196
2017-06-27T21:00:00+00:00,1.1300
2017-06-28T21:00:00+00:00,1.1364
2017-06-29T21:00:00+00:00,1.1420
2017-06-30T21:00:00+00:00,1.1411
2017-07-03T21:00:00+00:00,1.1367
2017-07-04T21:00:00+00:00,.
2017-07-05T21:00:00+00:00,1.1336
2017-07-06T21:00:00+00:00,1.1409
2017-07-07T21:00:00+00:00,1.1396
2017-07-10T21:00:00+00:00,1.1396
2017-07-11T21:00:00+00:00,1.1430
2017-07-12T21:00:00+00:00,1.1411
2017-07-13T21:00:00+00:00,1.1385
2017-07-14T21:00:00+00:00,1.1452
2017-07-17T21:00:00+00:00,1.1470
2017-07-18T21:00:00+00:00,1.1578
2017-07-19T21:00:00+00:00,1.1518
2017-07-20T21:00:00+00:00,1.1634
2017-07-21T21:00:00+00:00,1.1655
2017-07-24T21:00:00+00:00,1.1642
2017-07-25T21:00:00+00:00,1.1656
2017-07-26T21:00:00+00:00,1.1632
2017-07-27T21:00:00+00:00,1.1656
2017-07-28T21:00:00+00:00,1.1754
2017-07-31T21:00:00+00:00,1.1826
2017-08-01T21:00:00+00:00,1.1799
2017-08-02T21:00:00+00:00,1.1861
2017-08-03T21:00:00+00:00,1.1880
2017-08-04T21:00:00+00:00,1.1754
2017-08-07T21:00:00+00:00,1.1788
2017-08-08T21:00:00+00:00,1.1724
2017-08-09T21:00:00+00:00,1.1748
2017-08-10T21:00:00+00:00,1.1751
2017-08-11T21:00:00+00:00,1.1811
2017-08-14T21:00:00+00:00,1.1786
2017-08-15T21:00:00+00:00,1.1736
2017-08-16T21:00:00+00:00,1.1703
2017-08-17T21:00:00+00:00,1.1736
2017-08-18T21:00:00+00:00,1.1748
2017-08-21T21:00:00+00:00,1.1814
2017-08-22T21:00:00+00:00,1.1762
2017-08-23T21:00:00+00:00,1.1802
2017-08-24T21:00:00+00:00,1.1801
2017-08-25T21:00:00+00:00,1.1874
2017-08-28T21:00:00+00:00,1.1973
2017-08-29T21:00:00+00:00,1.2025
2017-08-30T21:00:00+00:00,1.1927
2017-08-31T21:00:00+00:00,1.1894
2017-09-01T21:00:00+00:00,1.1878
2017-09-04T21:00:00+00:00,.
2017-09-05T21:00:00+00:00,1.1911
2017-09-06T21:00:00+00:00,1.1943
2017-09-07T21:00:00+00:00,1.2028
2017-09-08T21:00:00+00:00,1.2041
2017-09-11T21:00:00+00:00,1.1964
2017-09-12T21:00:00+00:00,1.1968
2017-09-13T21:00:00+00:00,1.1898
2017-09-14T21:00:00+00:00,1.1886
2017-09-15T21:00:00+00:00,1.1959
2017-09-18T21:00:00+00:00,1.1938
2017-09-19T21:00:00+00:00,1.1980
2017-09-20T21:00:00+00:00,1.1998
2017-09-21T21:00:00+00:00,1.1946
2017-09-22T21:00:00+00:00,1.1969
2017-09-25T21:00:00+00:00,1.1852
2017-09-26T21:00:00+00:00,1.1772
2017-09-27T21:00:00+00:00,1.1747
2017-09-28T21:00:00+00:00,1.1776
2017-09-29T21:00:00+00:00,1.1813
2017-10-02T21:00:00+00:00,1.1745
2017-10-03T21:00:00+00:00,1.1759
2017-10-04T21:00:00+00:00,1.1760
2017-10-05T21:00:00+00:00,1.1706
2017-10-06T21:00:00+00:00,1.1732
2017-10-09T21:00:00+00:00,.
2017-10-10T21:00:00+00:00,1.1804
2017-10-11T21:00:00+00:00,1.1847
2017-10-12T21:00:00+00:00,1.1840
2017-10-13T21:00:00+00:00,1.1837
2017-10-16T21:00:00+00:00,1.1810
2017-10-17T21:00:00+00:00,1.1754
2017-10-18T21:00:00+00:00,1.1775
2017-10-19T21:00:00+00:00,1.1842
2017-10-20T21:00:00+00:00,1.1770
2017-10-23T21:00:00+00:00,1.1762
2017-10-24T21:00:00+00:00,1.1766
2017-10-25T21:00:00+00:00,1.1802
2017-10-26T21:00:00+00:00,1.1700
2017-10-27T21:00:00+00:00,1.1580
2017-10-30T21:00:00+00:00,1.1626
2017-10-31T21:00:00+00:00,1.1648
2017-11-01T21:00:00+00:00,1.1618
2017-11-02T21:00:00+00:00,1.1672
2017-11-03T21:00:00+00:00,1.1616
2017-11-06T22:00:00+00:00,1.1600
2017-11-07T22:00:00+00:00,1.1577
2017-11-08T22:00:00+00:00,1.1591
2017-11-09T22:00:00+00:00,1.1648
2017-11-10T22:00:00+00:00,.
2017-11-13T22:00:00+00:00,1.1656
2017-11-14T22:00:00+00:00,1.1764
2017-11-15T22:00:00+00:00,1.1794
2017-11-16T22:00:00+00:00,1.1772
2017-11-17T22:00:00+00:00,1.1799
2017-11-20T22:00:00+00:00,1.1741
2017-11-21T22:00:00+00:00,1.1741
2017-11-22T22:00:00+00:00,1.1789
2017-11-23T22:00:00+00:00,.
2017-11-24T22:00:00+00:00,1.1936
2017-11-27T22:00:00+00:00,1.1911
2017-11-28T22:00:00+00:00,1.1878
2017-11-29T22:00:00+00:00,1.1858
2017-11-30T22:00:00+00:00,1.1898
2017-12-01T22:00:00+00:00,1.1910
2017-12-04T22:00:00+00:00,1.1848
2017-12-05T22:00:00+00:00,1.1820
2017-12-06T22:00:00+00:00,1.1788
2017-12-07T22:00:00+00:00,1.1790
2017-12-08T22:00:00+00:00,1.1761
2017-12-11T22:00:00+00:00,1.1802
2017-12-12T22:00:00+00:00,1.1725
2017-12-13T22:00:00+00:00,1.1762
2017-12-14T22:00:00+00:00,1.1778
2017-12-15T22:00:00+00:00,1.1778
2017-12-18T22:00:00+00:00,1.1804
2017-12-19T22:00:00+00:00,1.1822
2017-12-20T22:00:00+00:00,1.1881
2017-12-21T22:00:00+00:00,1.1872
2017-12-22T22:00:00+00:00,1.1839
2017-12-25T22:00:00+00:00,.
2017-12-26T22:00:00+00:00,1.1867
2017-12-27T22:00:00+00:00,1.1902
2017-12-28T22:00:00+00:00,1.1952
2017-12-29T22:00:00+00:00,1.2022
2018-01-01T22:00:00+00:00,.
2018-01-02T22:00:00+00:00,1.2050
2018-01-03T22:00:00+00:00,1.2030
2018-01-04T22:00:00+00:00,1.2064
2018-01-05T22:00:00+00:00,1.2039
2018-01-08T22:00:00+00:00,1.1973
2018-01-09T22:00:00+00:00,1.1922
2018-01-10T22:00:00+00:00,1.1958
2018-01-11T22:00:00+00:00,1.2035
2018-01-12T22:00:00+00:00,1.2130
2018-01-15T22:00:00+00:00,.
2018-01-16T22:00:00+00:00,1.2244
2018-01-17T22:00:00+00:00,1.2229
2018-01-18T22:00:00+00:00,1.2238
2018-01-19T22:00:00+00:00,1.2238
2018-01-22T22:00:00+00:00,1.2230
2018-01-23T22:00:00+00:00,1.2277
2018-01-24T22:00:00+00:00,1.2390
2018-01-25T22:00:00+00:00,1.2488
2018-01-26T22:00:00+00:00,1.2422
2018-01-29T22:00:00+00:00,1.2352
2018-01-30T22:00:00+00:00,1.2390
2018-01-31T22:00:00+00:00,1.2428
2018-02-01T22:00:00+00:00,1.2482
2018-02-02T22:00:00+00:00,1.2446
2018-02-05T22:00:00+00:00,1.2418
2018-02-06T22:00:00+00:00,1.2381
2018-02-07T22:00:00+00:00,1.2281
2018-02-08T22:00:00+00:00,1.2238
2018-02-09T22:00:00+00:00,1.2226
2018-02-12T22:00:00+00:00,1.2267
2018-02-13T22:00:00+00:00,1.2363
2018-02-14T22:00:00+00:00,1.2396
2018-02-15T22:00:00+00:00,1.2482
2018-02-16T22:00:00+00:00,1.2442
2018-02-19T22:00:00+00:00,.
2018-02-20T22:00:00+00:00,1.2348
2018-02-21T22:00:00+00:00,1.2314
2018-02-22T22:00:00+00:00,1.2326
2018-02-23T22:00:00+00:00,1.2298
2018-02-26T22:00:00+00:00,1.2296
2018-02-27T22:00:00+00:00,1.2239
2018-02-28T22:00:00+00:00,1.2211
2018-03-01T22:00:00+00:00,1.2216
2018-03-02T22:00:00+00:00,1.2314
2018-03-05T22:00:00+00:00,1.233
2018-03-06T22:00:00+00:00,1.2415
2018-03-07T22:00:00+00:00,1.2397
2018-03-08T22:00:00+00:00,1.2314
2018-03-09T22:00:00+00:00,1.2326
2018-03-12T21:00:00+00:00,1.2318
2018-03-13T21:00:00+00:00,1.2398
2018-03-14T21:00:00+00:00,1.2362
2018-03-15T21:00:00+00:00,1.2321
2018-03-16T21:00:00+00:00,1.228
2018-03-19T21:00:00+00:00,1.2329
2018-03-20T21:00:00+00:00,1.2271
2018-03-21T21:00:00+00:00,1.2268
2018-03-22T21:00:00+00:00,1.231
2018-03-23T21:00:00+00:00,1.236
2018-03-26T21:00:00+00:00,1.244
2018-03-27T21:00:00+00:00,1.241
2018-03-28T21:00:00+00:00,1.2351
2018-03-29T21:00:00+00:00,1.2297
2018-03-30T21:00:00+00:00,1.232
2018-04-02T21:00:00+00:00,1.2288
2018-04-03T21:00:00+00:00,1.2261
2018-04-04T21:00:00+00:00,1.2292
2018-04-05T21:00:00+00:00,1.223
2018-04-06T21:00:00+00:00,1.2274
2018-04-09T21:00:00+00:00,1.232
2018-04-10T21:00:00+00:00,1.2338
2018-04-11T21:00:00+00:00,1.2384
2018-04-12T21:00:00+00:00,1.232
2018-04-13T21:00:00+00:00,1.2322
2018-04-16T21:00:00+00:00,1.2373
2018-04-17T21:00:00+00:00,1.2345
2018-04-18T21:00:00+00:00,1.238
2018-04-19T21:00:00+00:00,1.2336
2018-04-20T21:00:00+00:00,1.2282
2018-04-23T21:00:00+00:00,1.2216
2018-04-24T21:00:00+00:00,1.2226
2018-04-25T21:00:00+00:00,1.2178
2018-04-26T21:00:00+00:00,1.2113
2018-04-27T21:00:00+00:00,1.2108
2018-04-30T21:00:00+00:00,1.2074
2018-05-01T21:00:00+00:00,1.2
2018-05-02T21:00:00+00:00,1.1968
2018-05-03T21:00:00+00:00,1.197
2018-05-04T21:00:00+00:00,1.1946
2018-05-07T21:00:00+00:00,1.1927
2018-05-08T21:00:00+00:00,1.1863
2018-05-09T21:00:00+00:00,1.1852
2018-05-10T21:00:00+00:00,1.1896
2018-05-11T21:00:00+00:00,1.1951
2018-05-14T21:00:00+00:00,1.1976
2018-05-15T21:00:00+00:00,1.1864
2018-05-16T21:00:00+00:00,1.1788
2018-05-17T21:00:00+00:00,1.1798
2018-05-18T21:00:00+00:00,1.1775
2018-05-21T21:00:00+00:00,1.1768
2018-05-22T21:00:00+00:00,1.1783
2018-05-23T21:00:00+00:00,1.1693
2018-05-24T21:00:00+00:00,1.1729
2018-05-25T21:00:00+00:00,1.1666
2018-05-28T21:00:00+00:00,.
2018-05-29T21:00:00+00:00,1.1551
2018-05-30T21:00:00+00:00,1.1664
2018-05-31T21:00:00+00:00,1.167
2018-06-01T21:00:00+00:00,1.1679
2018-06-04T21:00:00+00:00,1.1696
2018-06-05T21:00:00+00:00,1.1672
2018-06-06T21:00:00+00:00,1.1778
2018-06-07T21:00:00+00:00,1.1815
2018-06-08T21:00:00+00:00,1.1773
2018-06-11T21:00:00+00:00,1.1802
2018-06-12T21:00:00+00:00,1.1792
2018-06-13T21:00:00+00:00,1.1784
2018-06-14T21:00:00+00:00,1.1634
2018-06-15T21:00:00+00:00,1.1616
2018-06-18T21:00:00+00:00,1.1606
2018-06-19T21:00:00+00:00,1.1577
2018-06-20T21:00:00+00:00,1.1592
2018-06-21T21:00:00+00:00,1.16
2018-06-22T21:00:00+00:00,1.163
2018-06-25T21:00:00+00:00,1.1694
2018-06-26T21:00:00+00:00,1.1675
2018-06-27T21:00:00+00:00,1.1588
2018-06-28T21:00:00+00:00,1.1582
2018-06-29T21:00:00+00:00,1.1677
2018-07-02T21:00:00+00:00,1.1604
2018-07-03T21:00:00+00:00,1.1653
2018-07-04T21:00:00+00:00,.
2018-07-05T21:00:00+00:00,1.1697
2018-07-06T21:00:00+00:00,1.1738
2018-07-09T21:00:00+00:00,1.1744
2018-07-10T21:00:00+00:00,1.1728
2018-07-11T21:00:00+00:00,1.1722
2018-07-12T21:00:00+00:00,1.1692
2018-07-13T21:00:00+00:00,1.1667
2018-07-16T21:00:00+00:00,1.171
2018-07-17T21:00:00+00:00,1.1664
2018-07-18T21:00:00+00:00,1.1645
2018-07-19T21:00:00+00:00,1.1604
2018-07-20T21:00:00+00:00,1.1708
2018-07-23T21:00:00+00:00,1.1702
2018-07-24T21:00:00+00:00,1.1684
2018-07-25T21:00:00+00:00,1.1677
2018-07-26T21:00:00+00:00,1.1654
2018-07-27T21:00:00+00:00,1.166
2018-07-30T21:00:00+00:00,1.1718
2018-07-31T21:00:00+00:00,1.1706
2018-08-01T21:00:00+00:00,1.1666
2018-08-02T21:00:00+00:00,1.1612
2018-08-03T21:00:00+00:00,1.1597
2018-08-06T21:00:00+00:00,1.1564
2018-08-07T21:00:00+00:00,1.1597
2018-08-08T21:00:00+00:00,1.1598
2018-08-09T21:00:00+00:00,1.1566
2018-08-10T21:00:00+00:00,1.1399
2018-08-13T21:00:00+00:00,1.1396
2018-08-14T21:00:00+00:00,1.1351
2018-08-15T21:00:00+00:00,1.1332
2018-08-16T21:00:00+00:00,1.1388
2018-08-17T21:00:00+00:00,1.141
2018-08-20T21:00:00+00:00,1.1438
2018-08-21T21:00:00+00:00,1.1534
2018-08-22T21:00:00+00:00,1.1595
2018-08-23T21:00:00+00:00,1.1567
2018-08-24T21:00:00+00:00,1.1625
2018-08-27T21:00:00+00:00,1.1676
2018-08-28T21:00:00+00:00,1.172
2018-08-29T21:00:00+00:00,1.1699
2018-08-30T21:00:00+00:00,1.1646
2018-08-31T21:00:00+00:00,1.1596
2018-09-03T21:00:00+00:00,.
2018-09-04T21:00:00+00:00,1.1566
2018-09-05T21:00:00+00:00,1.162
2018-09-06T21:00:00+00:00,1.1624
2018-09-07T21:00:00+00:00,1.1572
2018-09-10T21:00:00+00:00,1.1604
2018-09-11T21:00:00+00:00,1.1591
2018-09-12T21:00:00+00:00,1.1626
2018-09-13T21:00:00+00:00,1.1672
2018-09-14T21:00:00+00:00,1.1656
2018-09-17T21:00:00+00:00,1.1687
2018-09-18T21:00:00+00:00,1.1693
2018-09-19T21:00:00+00:00,1.1685
2018-09-20T21:00:00+00:00,1.1744
2018-09-21T21:00:00+00:00,1.1739
2018-09-24T21:00:00+00:00,1.1773
2018-09-25T21:00:00+00:00,1.177
2018-09-26T21:00:00+00:00,1.1758
2018-09-27T21:00:00+00:00,1.167
2018-09-28T21:00:00+00:00,1.1622
2018-10-01T21:00:00+00:00,1.1567
2018-10-02T21:00:00+00:00,1.156
2018-10-03T21:00:00+00:00,1.1525
2018-10-04T21:00:00+00:00,1.1508
2018-10-05T21:00:00+00:00,1.1502
2018-10-08T21:00:00+00:00,.
2018-10-09T21:00:00+00:00,1.1482
2018-10-10T21:00:00+00:00,1.1541
2018-10-11T21:00:00+00:00,1.1565
2018-10-12T21:00:00+00:00,1.1559
2018-10-15T21:00:00+00:00,1.1594
2018-10-16T21:00:00+00:00,1.1593
2018-10-17T21:00:00+00:00,1.154
2018-10-18T21:00:00+00:00,1.1494
2018-10-19T21:00:00+00:00,1.1513
2018-10-22T21:00:00+00:00,1.1467
2018-10-23T21:00:00+00:00,1.148
2018-10-24T21:00:00+00:00,1.1389
2018-10-25T21:00:00+00:00,1.1374
2018-10-26T21:00:00+00:00,1.1388
2018-10-29T21:00:00+00:00,1.139
2018-10-30T21:00:00+00:00,1.1364
2018-10-31T21:00:00+00:00,1.1332
2018-11-01T21:00:00+00:00,1.1396
2018-11-02T21:00:00+00:00,1.1378
2018-11-05T22:00:00+00:00,1.1394
2018-11-06T22:00:00+00:00,1.1412
2018-11-07T22:00:00+00:00,1.1459
2018-11-08T22:00:00+00:00,1.1416
2018-11-09T22:00:00+00:00,1.1325
2018-11-12T22:00:00+00:00,.
2018-11-13T22:00:00+00:00,1.1288
2018-11-14T22:00:00+00:00,1.1312
2018-11-15T22:00:00+00:00,1.1324
2018-11-16T22:00:00+00:00,1.1402
2018-11-19T22:00:00+00:00,1.1448
2018-11-20T22:00:00+00:00,1.1391
2018-11-21T22:00:00+00:00,1.1393
2018-11-22T22:00:00+00:00,.
2018-11-23T22:00:00+00:00,1.1332
2018-11-26T22:00:00+00:00,1.1336
2018-11-27T22:00:00+00:00,1.1281
2018-11-28T22:00:00+00:00,1.1286
2018-11-29T22:00:00+00:00,1.1382
2018-11-30T22:00:00+00:00,1.1323
2018-12-03T22:00:00+00:00,1.1356
2018-12-04T22:00:00+00:00,1.1345
2018-12-05T22:00:00+00:00,.
2018-12-06T22:00:00+00:00,1.1374
2018-12-07T22:00:00+00:00,1.139
2018-12-10T22:00:00+00:00,1.1368
2018-12-11T22:00:00+00:00,1.1314
2018-12-12T22:00:00+00:00,1.1362
2018-12-13T22:00:00+00:00,1.1358
2018-12-14T22:00:00+00:00,1.13
2018-12-17T22:00:00+00:00,1.1339
2018-12-18T22:00:00+00:00,1.1364
2018-12-19T22:00:00+00:00,1.1422
2018-12-20T22:00:00+00:00,1.1432
2018-12-21T22:00:00+00:00,1.1402
2018-12-24T22:00:00+00:00,.
2018-12-25T22:00:00+00:00,.
2018-12-26T22:00:00+00:00,1.1408
2018-12-27T22:00:00+00:00,1.1412
2018-12-28T22:00:00+00:00,1.1445
2018-12-31T22:00:00+00:00,1.1456
2019-01-01T22:00:00+00:00,.
2019-01-02T22:00:00+00:00,1.1357
2019-01-03T22:00:00+00:00,1.1399
2019-01-04T22:00:00+00:00,1.141
2019-01-07T22:00:00+00:00,1.1468
2019-01-08T22:00:00+00:00,1.1444
2019-01-09T22:00:00+00:00,1.1524
2019-01-10T22:00:00+00:00,1.1517
2019-01-11T22:00:00+00:00,1.1479
2019-01-14T22:00:00+00:00,.
2019-01-15T22:00:00+00:00,1.1392
2019-01-16T22:00:00+00:00,1.1408
2019-01-17T22:00:00+00:00,1.1386
2019-01-18T22:00:00+00:00,1.1362
2019-01-21T22:00:00+00:00,.
2019-01-22T22:00:00+00:00,1.1359
2019-01-23T22:00:00+00:00,1.139
2019-01-24T22:00:00+00:00,1.1322
2019-01-25T22:00:00+00:00,1.1407
2019-01-28T22:00:00+00:00,1.1438
2019-01-29T22:00:00+00:00,1.1424
2019-01-30T22:00:00+00:00,1.1418
2019-01-31T22:00:00+00:00,1.1454
2019-02-01T22:00:00+00:00,1.1474
2019-02-04T22:00:00+00:00,1.1438
2019-02-05T22:00:00+00:00,1.1406
2019-02-06T22:00:00+00:00,1.138
2019-02-07T22:00:00+00:00,1.1357
2019-02-08T22:00:00+00:00,1.1326
2019-02-11T22:00:00+00:00,1.1277
2019-02-12T22:00:00+00:00,1.1316
2019-02-13T22:00:00+00:00,1.1288
2019-02-14T22:00:00+00:00,1.1284
2019-02-15T22:00:00+00:00,1.1268
2019-02-18T22:00:00+00:00,.
2019-02-19T22:00:00+00:00,1.1328
2019-02-20T22:00:00+00:00,.
2019-02-21T22:00:00+00:00,1.1338
2019-02-22T22:00:00+00:00,1.1342
2019-02-25T22:00:00+00:00,1.1345
2019-02-26T22:00:00+00:00,1.1374
2019-02-27T22:00:00+00:00,1.137
2019-02-28T22:00:00+00:00,1.1379
2019-03-01T22:00:00+00:00,1.1376
2019-03-04T22:00:00+00:00,1.1328
2019-03-05T22:00:00+00:00,1.13
2019-03-06T22:00:00+00:00,1.132
2019-03-07T22:00:00+00:00,1.1214
2019-03-08T22:00:00+00:00,1.1243
2019-03-11T21:00:00+00:00,1.1226
2019-03-12T21:00:00+00:00,1.1276
2019-03-13T21:00:00+00:00,1.131
2019-03-14T21:00:00+00:00,1.1304
2019-03-15T21:00:00+00:00,1.1326
2019-03-18T21:00:00+00:00,1.1337
2019-03-19T21:00:00+00:00,1.1346
2019-03-20T21:00:00+00:00,1.1352
2019-03-21T21:00:00+00:00,1.1361
2019-03-22T21:00:00+00:00,1.1282
2019-03-25T21:00:00+00:00,1.1324
2019-03-26T21:00:00+00:00,1.128
2019-03-27T21:00:00+00:00,1.125
2019-03-28T21:00:00+00:00,1.1236
2019-03-29T21:00:00+00:00,1.1228
2019-04-01T21:00:00+00:00,1.121
2019-04-02T21:00:00+00:00,1.1186
2019-04-03T21:00:00+00:00,1.1242
2019-04-04T21:00:00+00:00,1.1216
2019-04-05T21:00:00+00:00,1.1217
2019-04-08T21:00:00+00:00,1.1262
2019-04-09T21:00:00+00:00,1.1278
2019-04-10T21:00:00+00:00,1.1266
2019-04-11T21:00:00+00:00,1.1262
2019-04-12T21:00:00+00:00,1.1304
2019-04-15T21:00:00+00:00,1.1304
2019-04-16T21:00:00+00:00,1.1293
2019-04-17T21:00:00+00:00,1.1297
2019-04-18T21:00:00+00:00,1.1241
2019-04-19T21:00:00+00:00,1.1246
2019-04-22T21:00:00+00:00,1.1258
2019-04-23T21:00:00+00:00,1.1213
2019-04-24T21:00:00+00:00,1.1192
2019-04-25T21:00:00+00:00,1.114
2019-04-26T21:00:00+00:00,1.1154
2019-04-29T21:00:00+00:00,1.1166
2019-04-30T21:00:00+00:00,1.1201
2019-05-01T21:00:00+00:00,1.1246
2019-05-02T21:00:00+00:00,1.1184
2019-05-03T21:00:00+00:00,1.1186
2019-05-06T21:00:00+00:00,1.1197
2019-05-07T21:00:00+00:00,1.1178
2019-05-08T21:00:00+00:00,1.1206
2019-05-09T21:00:00+00:00,1.1228
2019-05-10T21:00:00+00:00,1.1241
2019-05-13T21:00:00+00:00,1.1232
2019-05-14T21:00:00+00:00,1.1207
2019-05-15T21:00:00+00:00,1.1208
2019-05-16T21:00:00+00:00,1.1178
2019-05-17T21:00:00+00:00,1.1166
2019-05-20T21:00:00+00:00,1.117
2019-05-21T21:00:00+00:00,1.1158
2019-05-22T21:00:00+00:00,1.1156
2019-05-23T21:00:00+00:00,1.1172
2019-05-24T21:00:00+00:00,1.1197
2019-05-27T21:00:00+00:00,.
2019-05-28T21:00:00+00:00,1.1177
2019-05-29T21:00:00+00:00,1.1136
2019-05-30T21:00:00+00:00,1.114
2019-05-31T21:00:00+00:00,1.1149
2019-06-03T21:00:00+00:00,1.1206
2019-06-04T21:00:00+00:00,1.1236
2019-06-05T21:00:00+00:00,1.1242
2019-06-06T21:00:00+00:00,1.1294
2019-06-07T21:00:00+00:00,1.1324
2019-06-10T21:00:00+00:00,1.1311
2019-06-11T21:00:00+00:00,1.1316
2019-06-12T21:00:00+00:00,1.131
2019-06-13T21:00:00+00:00,1.1275
2019-06-14T21:00:00+00:00,1.1217
2019-06-17T21:00:00+00:00,1.1235
2019-06-18T21:00:00+00:00,1.1196
2019-06-19T21:00:00+00:00,1.1214
2019-06-20T21:00:00+00:00,1.1284
2019-06-21T21:00:00+00:00,1.1328
2019-06-24T21:00:00+00:00,1.1393
2019-06-25T21:00:00+00:00,1.1386
2019-06-26T21:00:00+00:00,1.139
2019-06-27T21:00:00+00:00,1.1372
2019-06-28T21:00:00+00:00,1.1374
2019-07-01T21:00:00+00:00,1.1307
2019-07-02T21:00:00+00:00,1.1301
2019-07-03T21:00:00+00:00,1.1275
2019-07-04T21:00:00+00:00,.
2019-07-05T21:00:00+00:00,1.1216
2019-07-08T21:00:00+00:00,1.1208
2019-07-09T21:00:00+00:00,1.121
2019-07-10T21:00:00+00:00,1.126
2019-07-11T21:00:00+00:00,1.1261
2019-07-12T21:00:00+00:00,1.1254
2019-07-15T21:00:00+00:00,1.126
2019-07-16T21:00:00+00:00,1.1212
2019-07-17T21:00:00+00:00,1.1232
2019-07-18T21:00:00+00:00,1.1228
2019-07-19T21:00:00+00:00,1.122
2019-07-22T21:00:00+00:00,1.1214
2019-07-23T21:00:00+00:00,1.1156
2019-07-24T21:00:00+00:00,1.1141
2019-07-25T21:00:00+00:00,1.1156
2019-07-26T21:00:00+00:00,1.1121
2019-07-29T21:00:00+00:00,1.1142
2019-07-30T21:00:00+00:00,1.1148
2019-07-31T21:00:00+00:00,1.113
2019-08-01T21:00:00+00:00,1.1062
2019-08-02T21:00:00+00:00,1.1112
2019-08-05T21:00:00+00:00,1.1197
2019-08-06T21:00:00+00:00,1.1196
2019-08-07T21:00:00+00:00,1.1236
2019-08-08T21:00:00+00:00,1.121
2019-08-09T21:00:00+00:00,1.1222
2019-08-12T21:00:00+00:00,1.1212
2019-08-13T21:00:00+00:00,1.1182
2019-08-14T21:00:00+00:00,1.1144
2019-08-15T21:00:00+00:00,1.1106
2019-08-16T21:00:00+00:00,1.1091
2019-08-19T21:00:00+00:00,1.1096
2019-08-20T21:00:00+00:00,1.1092
2019-08-21T21:00:00+00:00,1.1098
2019-08-22T21:00:00+00:00,1.1089
2019-08-23T21:00:00+00:00,1.1148
2019-08-26T21:00:00+00:00,1.1112
2019-08-27T21:00:00+00:00,1.1094
2019-08-28T21:00:00+00:00,1.1084
2019-08-29T21:00:00+00:00,1.1059
2019-08-30T21:00:00+00:00,1.0989
2019-09-02T21:00:00+00:00,.
2019-09-03T21:00:00+00:00,1.0968
2019-09-04T21:00:00+00:00,1.1025
2019-09-05T21:00:00+00:00,1.1038
2019-09-06T21:00:00+00:00,1.1042
2019-09-09T21:00:00+00:00,1.1056
2019-09-10T21:00:00+00:00,1.1042
2019-09-11T21:00:00+00:00,1.1001
2019-09-12T21:00:00+00:00,1.1074
2019-09-13T21:00:00+00:00,1.1074
2019-09-16T21:00:00+00:00,1.1006
2019-09-17T21:00:00+00:00,1.1063
2019-09-18T21:00:00+00:00,1.1061
2019-09-19T21:00:00+00:00,1.1046
2019-09-20T21:00:00+00:00,1.1004
2019-09-23T21:00:00+00:00,1.0991
2019-09-24T21:00:00+00:00,1.0999
2019-09-25T21:00:00+00:00,1.0949
2019-09-26T21:00:00+00:00,1.0938
2019-09-27T21:00:00+00:00,1.0942
2019-09-30T21:00:00+00:00,1.0905
2019-10-01T21:00:00+00:00,1.0932
2019-10-02T21:00:00+00:00,1.0951
2019-10-03T21:00:00+00:00,1.0991
2019-10-04T21:00:00+00:00,1.0974
2019-10-07T21:00:00+00:00,1.0984
2019-10-08T21:00:00+00:00,1.0949
2019-10-09T21:00:00+00:00,1.0978
2019-10-10T21:00:00+00:00,1.1018
2019-10-11T21:00:00+00:00,1.1039
2019-10-14T21:00:00+00:00,.
2019-10-15T21:00:00+00:00,1.1036
2019-10-16T21:00:00+00:00,1.1075
2019-10-17T21:00:00+00:00,1.1129
2019-10-18T21:00:00+00:00,1.1155
2019-10-21T21:00:00+00:00,1.1145
2019-10-22T21:00:00+00:00,1.1138
2019-10-23T21:00:00+00:00,1.1118
2019-10-24T21:00:00+00:00,1.1098
2019-10-25T21:00:00+00:00,1.1081
2019-10-28T21:00:00+00:00,1.1094
2019-10-29T21:00:00+00:00,1.1117
2019-10-30T21:00:00+00:00,1.1123
2019-10-31T21:00:00+00:00,1.1155
2019-11-01T21:00:00+00:00,1.1169
2019-11-04T22:00:00+00:00,1.1144
2019-11-05T22:00:00+00:00,1.107
2019-11-06T22:00:00+00:00,1.1076
2019-11-07T22:00:00+00:00,1.1045
2019-11-08T22:00:00+00:00,1.1019
2019-11-11T22:00:00+00:00,.
2019-11-12T22:00:00+00:00,1.1017
2019-11-13T22:00:00+00:00,1.1004
2019-11-14T22:00:00+00:00,1.1016
2019-11-15T22:00:00+00:00,1.1046
2019-11-18T22:00:00+00:00,1.1079
2019-11-19T22:00:00+00:00,1.1075
2019-11-20T22:00:00+00:00,1.1063
2019-11-21T22:00:00+00:00,1.1067
2019-11-22T22:00:00+00:00,1.1029
2019-11-25T22:00:00+00:00,1.1009
2019-11-26T22:00:00+00:00,1.1012
2019-11-27T22:00:00+00:00,1.1002
2019-11-28T22:00:00+00:00,.
2019-11-29T22:00:00+00:00,1.1019
2019-12-02T22:00:00+00:00,1.1075
2019-12-03T22:00:00+00:00,1.1089
2019-12-04T22:00:00+00:00,1.1076
2019-12-05T22:00:00+00:00,1.1104
2019-12-06T22:00:00+00:00,1.1052
2019-12-09T22:00:00+00:00,1.1067
2019-12-10T22:00:00+00:00,1.109
2019-12-11T22:00:00+00:00,1.1092
2019-12-12T22:00:00+00:00,1.1115
2019-12-13T22:00:00+00:00,1.1128
2019-12-16T22:00:00+00:00,1.1139
2019-12-17T22:00:00+00:00,1.1148
2019-12-18T22:00:00+00:00,1.1113
2019-12-19T22:00:00+00:00,1.1128
2019-12-20T22:00:00+00:00,1.1076
2019-12-23T22:00:00+00:00,1.1091
2019-12-24T22:00:00+00:00,1.1084
2019-12-25T22:00:00+00:00,.
2019-12-26T22:00:00+00:00,1.1102
2019-12-27T22:00:00+00:00,1.1174
2019-12-30T22:00:00+00:00,1.1217
2019-12-31T22:00:00+00:00,1.1227
2020-01-01T22:00:00+00:00,.
2020-01-02T22:00:00+00:00,1.1166
2020-01-03T22:00:00+00:00,1.1173
2020-01-06T22:00:00+00:00,1.1187
2020-01-07T22:00:00+00:00,1.1138
2020-01-08T22:00:00+00:00,1.1117
2020-01-09T22:00:00+00:00,1.1106
2020-01-10T22:00:00+00:00,1.1119
2020-01-13T22:00:00+00:00,1.1138
2020-01-14T22:00:00+00:00,1.113
2020-01-15T22:00:00+00:00,1.116
2020-01-16T22:00:00+00:00,1.1131
2020-01-17T22:00:00+00:00,1.1093
2020-01-20T22:00:00+00:00,.
2020-01-21T22:00:00+00:00,1.1096
2020-01-22T22:00:00+00:00,1.1085
2020-01-23T22:00:00+00:00,1.1041
2020-01-24T22:00:00+00:00,1.1026
2020-01-27T22:00:00+00:00,1.1019
2020-01-28T22:00:00+00:00,1.1008
2020-01-29T22:00:00+00:00,1.1004
2020-01-30T22:00:00+00:00,1.1032
2020-01-31T22:00:00+00:00,1.1082
2020-02-03T22:00:00+00:00,1.1062
2020-02-04T22:00:00+00:00,1.1043
2020-02-05T22:00:00+00:00,1.1006
2020-02-06T22:00:00+00:00,1.0979
2020-02-07T22:00:00+00:00,1.095
2020-02-10T22:00:00+00:00,1.0916
2020-02-11T22:00:00+00:00,1.0917
2020-02-12T22:00:00+00:00,1.0893
2020-02-13T22:00:00+00:00,1.0848
2020-02-14T22:00:00+00:00,1.0839
2020-02-17T22:00:00+00:00,.
2020-02-18T22:00:00+00:00,1.0815
2020-02-19T22:00:00+00:00,1.0794
2020-02-20T22:00:00+00:00,1.0797
2020-02-21T22:00:00+00:00,1.0855
2020-02-24T22:00:00+00:00,1.0857
2020-02-25T22:00:00+00:00,1.0868
2020-02-26T22:00:00+00:00,1.0887
2020-02-27T22:00:00+00:00,1.0977
2020-02-28T22:00:00+00:00,1.1001
2020-03-02T22:00:00+00:00,1.1164
2020-03-03T22:00:00+00:00,1.1175
2020-03-04T22:00:00+00:00,1.113
2020-03-05T22:00:00+00:00,1.1202
2020-03-06T22:00:00+00:00,1.1319
2020-03-09T21:00:00+00:00,1.142
2020-03-10T21:00:00+00:00,1.1342
2020-03-11T21:00:00+00:00,1.128
2020-03-12T21:00:00+00:00,1.1081
2020-03-13T21:00:00+00:00,1.1066
2020-03-16T21:00:00+00:00,1.1139
2020-03-17T21:00:00+00:00,1.0971
2020-03-18T21:00:00+00:00,1.0833
2020-03-19T21:00:00+00:00,1.0699
2020-03-20T21:00:00+00:00,1.0682
2020-03-23T21:00:00+00:00,1.076
2020-03-24T21:00:00+00:00,1.0794
2020-03-25T21:00:00+00:00,1.0835
2020-03-26T21:00:00+00:00,1.1025
2020-03-27T21:00:00+00:00,1.1059
2020-03-30T21:00:00+00:00,1.1018
2020-03-31T21:00:00+00:00,1.1016
2020-04-01T21:00:00+00:00,1.0934
2020-04-02T21:00:00+00:00,1.0862
2020-04-03T21:00:00+00:00,1.0797
