Symbol,Date, Close/Last, Volume, Open, High, Low
AAPL,2/12/21,135.37,60145130,134.35,135.53,133.6921
AMZN,2/12/21,3277.71,2335339,3250,3280.25,3233.31
GOOG,2/12/21,2104.11,855865,2090.25,2108.82,2083.13
MSFT,2/12/21,244.99,16561080,243.933,245.3,242.73
AAPL,2/11/21,135.13,64280030,135.9,136.39,133.77
AMZN,2/11/21,3262.13,2301417,3292,3292,3248.06
GOOG,2/11/21,2095.89,945650,2099.51,2102.03,2077.32
MSFT,2/11/21,244.49,15751060,244.78,245.15,242.15
AAPL,2/10/21,135.39,73046560,136.48,136.99,134.4
AMZN,2/10/21,3286.58,3151550,3314,3317.9548,3254
GOOG,2/10/21,2095.38,1135464,2094.21,2108.37,2063.09
MSFT,2/10/21,242.82,22186710,245,245.92,240.89
AAPL,2/9/21,136.01,76774210,136.62,137.877,135.85
AMZN,2/9/21,3305,2203526,3312.49,3338,3297.84
GOOG,2/9/21,2083.51,889850,2078.54,2105.13,2078.54
MSFT,2/9/21,243.77,23564950,241.87,244.76,241.38
AAPL,2/8/21,136.91,71297210,136.03,136.96,134.92
AMZN,2/8/21,3322.94,3257391,3358.5,3364.9999,3304
GOOG,2/8/21,2092.91,1242411,2105.91,2123.5469,2072
MSFT,2/8/21,242.47,22211930,243.15,243.68,240.81
AAPL,2/5/21,136.76,75693830,137.35,137.42,135.86
AMZN,2/5/21,3352.15,3620808,3319,3377,3302.71
GOOG,2/5/21,2098,1535135,2070,2102.51,2059.33
MSFT,2/5/21,242.2,18054750,242.23,243.28,240.42
AAPL,2/4/21,137.39,84183060,136.3,137.4,134.59
AMZN,2/4/21,3331,3670661,3330,3347,3277.75
GOOG,2/4/21,2062.37,1852329,2068.89,2078.55,2042.59
MSFT,2/4/21,242.01,25296100,242.66,243.2399,240.37
AAPL,2/3/21,133.94,89880940,135.76,135.77,133.61
AMZN,2/3/21,3312.53,7088781,3425.01,3434,3308.62
GOOG,2/3/21,2070.07,4118170,2073,2116.5,2018.38
MSFT,2/3/21,243,27158100,239.57,245.09,239.26
AAPL,2/2/21,134.99,83305370,135.73,136.31,134.61
AMZN,2/2/21,3380,7098637,3380,3427.74,3361.125
GOOG,2/2/21,1927.51,2273723,1922.56,1955.76,1914.49
MSFT,2/2/21,239.51,25916340,241.3,242.31,238.69
AAPL,2/1/21,134.14,106239800,133.75,135.38,130.93
AMZN,2/1/21,3342.88,4160212,3242.36,3350.26,3235.025
GOOG,2/1/21,1901.35,1602182,1853.57,1922.3918,1850.93
MSFT,2/1/21,239.65,33314190,235.06,242.5,232.43
AAPL,1/29/21,131.96,177523800,135.83,136.74,130.21
AMZN,1/29/21,3206.2,4293556,3230,3236.99,3184.55
GOOG,1/29/21,1835.74,1612552,1846.17,1857.28,1810.2
MSFT,1/29/21,231.96,42503140,235.99,238.02,231.35
AAPL,1/28/21,137.09,142621100,139.52,141.99,136.7
AMZN,1/28/21,3237.62,3149228,3235.04,3301.68,3228.69
GOOG,1/28/21,1863.11,1773138,1843.94,1898.83,1842.64
MSFT,1/28/21,238.93,49111160,235.61,242.64,235.09
AAPL,1/27/21,142.06,140843800,143.43,144.3,140.41
AMZN,1/27/21,3232.58,4660158,3341.49,3346.52,3207.08
GOOG,1/27/21,1830.79,2748292,1882.53,1890,1809
MSFT,1/27/21,232.9,69870640,238,240.44,230.14
AAPL,1/26/21,143.16,98390560,143.6,144.3,141.37
AMZN,1/26/21,3326.13,2955235,3296.356,3338,3282.87
GOOG,1/26/21,1917.24,1313139,1888.84,1925,1884.245
MSFT,1/26/21,232.33,49169600,231.86,234.18,230.08
AAPL,1/25/21,142.92,157611700,143.07,145.09,136.54
AMZN,1/25/21,3294,3749758,3328.5,3363.89,3243.1463
GOOG,1/25/21,1899.4,1927320,1920.67,1929.58,1867.53
MSFT,1/25/21,229.53,33152100,229.12,229.78,224.22
AAPL,1/22/21,139.07,114459400,136.28,139.85,135.02
AMZN,1/22/21,3292.23,2821914,3304.31,3321.91,3283.1644
GOOG,1/22/21,1901.05,1272232,1895.68,1910.95,1881.76
MSFT,1/22/21,225.95,30172660,227.08,230.07,225.8
AAPL,1/21/21,136.87,120529500,133.8,139.67,133.59
AMZN,1/21/21,3306.99,4945051,3293,3348.55,3289.5675
GOOG,1/21/21,1891.25,2063932,1898,1934.86,1887.11
MSFT,1/21/21,224.97,30749550,224.7,226.3,222.42
AAPL,1/20/21,132.03,104319500,128.66,132.49,128.55
AMZN,1/20/21,3263.38,5309835,3181.99,3279.8,3175
GOOG,1/20/21,1886.9,2490258,1831.46,1903.71,1825.53
MSFT,1/20/21,224.34,37777260,217.7,225.79,217.2908
AAPL,1/19/21,127.83,90757330,127.78,128.71,126.938
AMZN,1/19/21,3120.76,3305142,3107,3145,3096
GOOG,1/19/21,1790.86,1734614,1752.25,1809.275,1741.46
MSFT,1/19/21,216.44,30480860,213.75,216.98,212.63
AAPL,1/15/21,127.14,111598500,128.78,130.2242,127
AMZN,1/15/21,3104.25,4243995,3123.02,3142.545,3095.17
GOOG,1/15/21,1736.19,1342170,1738.19,1756,1721.55
MSFT,1/15/21,212.65,31746510,213.52,214.51,212.03
AAPL,1/14/21,128.91,90221760,130.8,131,128.76
AMZN,1/14/21,3127.47,3070919,3167.52,3177.9999,3120.59
GOOG,1/14/21,1740.18,1179477,1753.62,1775.01,1733.4
MSFT,1/14/21,213.02,29346740,215.91,217.46,212.74
AAPL,1/13/21,130.89,88636830,128.76,131.45,128.49
AMZN,1/13/21,3165.89,3321244,3128.44,3189.95,3122.08
GOOG,1/13/21,1754.4,1094131,1738.58,1765.035,1738.01
MSFT,1/13/21,216.34,20087080,214.02,216.76,213.9266
AAPL,1/12/21,128.8,91951150,128.5,129.69,126.86
AMZN,1/12/21,3120.83,3514582,3120,3142.1418,3086
GOOG,1/12/21,1746.55,1357691,1753.92,1778.04,1725.31
MSFT,1/12/21,214.93,23249340,216.5,217.1,213.3202
AAPL,1/11/21,128.98,100620900,129.19,130.17,128.5
AMZN,1/11/21,3114.21,3669095,3148.01,3156.3841,3110
GOOG,1/11/21,1766.72,1209735,1786.07,1794.315,1760.5201
MSFT,1/11/21,217.49,23047030,218.47,218.91,216.73
AAPL,1/8/21,132.05,105158200,132.43,132.63,130.23
AMZN,1/8/21,3182.7,3537744,3180,3190.64,3142.2
GOOG,1/8/21,1807.21,2051002,1787.98,1809.84,1773.535
MSFT,1/8/21,219.62,22956210,218.68,220.58,217.0261
AAPL,1/7/21,130.92,109578200,128.36,131.63,127.86
AMZN,1/7/21,3162.16,3514545,3157,3208.542,3155
GOOG,1/7/21,1787.25,2265022,1740.06,1788.4,1737.05
MSFT,1/7/21,218.29,27694480,214.04,219.34,213.71
AAPL,1/6/21,126.6,155088000,127.72,131.0499,126.382
AMZN,1/6/21,3138.38,4394815,3146.48,3197.509,3131.16
GOOG,1/6/21,1735.29,2602114,1702.63,1748,1699
MSFT,1/6/21,212.25,35930650,212.17,216.4899,211.94
AAPL,1/5/21,131.01,97664900,128.89,131.74,128.43
AMZN,1/5/21,3218.51,2655548,3166.01,3223.38,3165.06
GOOG,1/5/21,1740.92,1145347,1725,1747.67,1718.015
MSFT,1/5/21,217.9,23822950,217.26,218.52,215.7
AAPL,1/4/21,129.41,143301900,133.52,133.6116,126.76
AMZN,1/4/21,3186.63,4411449,3270,3272,3144.02
GOOG,1/4/21,1728.24,1901855,1757.54,1760.65,1707.85
MSFT,1/4/21,217.69,37130140,222.53,223,214.81
AAPL,12/31/20,132.69,99116590,134.08,134.74,131.72
AMZN,12/31/20,3256.93,2957206,3275,3282.9219,3241.2
GOOG,12/31/20,1751.88,1012240,1735.42,1758.93,1735.42
MSFT,12/31/20,222.42,20942130,221.7,223,219.68
AAPL,12/30/20,133.72,96452120,135.58,135.99,133.4
AMZN,12/30/20,3285.85,3209310,3341,3342.1,3282.47
GOOG,12/30/20,1739.52,1306130,1762.01,1765.095,1725.6
MSFT,12/30/20,221.68,20272340,225.23,225.63,221.47
AAPL,12/29/20,134.87,121047300,138.05,138.789,134.3409
AMZN,12/29/20,3322,4872933,3309.94,3350.65,3281.223
GOOG,12/29/20,1758.72,1299395,1787.79,1792.44,1756.09
MSFT,12/29/20,224.15,17403210,226.31,227.18,223.58
AAPL,12/28/20,136.69,124486200,133.99,137.34,133.51
AMZN,12/28/20,3283.96,5686787,3194,3304,3172.69
GOOG,12/28/20,1776.09,1393033,1751.635,1790.7276,1746.335
MSFT,12/28/20,224.96,17933500,224.45,226.03,223.02
AAPL,12/24/20,131.97,54930060,131.32,133.46,131.1
AMZN,12/24/20,3172.69,1451917,3193.9,3202,3169
GOOG,12/24/20,1738.85,346753,1735,1746,1729.11
MSFT,12/24/20,222.75,10550570,221.42,223.61,221.2
AAPL,12/23/20,130.96,88223690,132.16,132.43,130.78
AMZN,12/23/20,3185.27,2093787,3205,3210.13,3184.17
GOOG,12/23/20,1732.38,1033917,1728.11,1747.99,1725.04
MSFT,12/23/20,221.02,18699640,223.11,223.5589,220.8
AAPL,12/22/20,131.88,169351800,131.61,134.405,129.65
AMZN,12/22/20,3206.52,2381781,3202.843,3222,3180.08
GOOG,12/22/20,1723.5,938346,1734.43,1737.405,1712.575
MSFT,12/22/20,223.94,22643400,222.69,225.63,221.85
AAPL,12/21/20,128.23,121251600,125.02,128.31,123.449
AMZN,12/21/20,3206.18,3836846,3200.01,3226.9666,3166
GOOG,12/21/20,1739.37,1828378,1713.51,1740.85,1699
MSFT,12/21/20,222.59,37181890,217.55,224,217.2801
AAPL,12/18/20,126.655,192541500,128.96,129.1,126.12
AMZN,12/18/20,3201.65,5995713,3243.99,3249.42,3171.6
GOOG,12/18/20,1731.01,4016353,1754.18,1755.11,1720.22
MSFT,12/18/20,218.59,63354920,218.59,219.69,216.02
AAPL,12/17/20,128.7,94359810,128.9,129.58,128.045
AMZN,12/17/20,3236.08,3474347,3250,3263.51,3221
GOOG,12/17/20,1747.9,1624744,1768.51,1771.7836,1738.66
MSFT,12/17/20,219.42,32515780,219.87,220.89,217.92
AAPL,12/16/20,127.81,98208590,127.41,128.37,126.56
AMZN,12/16/20,3240.96,4427616,3176.01,3247,3163.68
GOOG,12/16/20,1763,1513543,1772.88,1773,1756.08
MSFT,12/16/20,219.28,35023250,214.75,220.11,214.72
AAPL,12/15/20,127.88,157572300,124.34,127.9,124.13
AMZN,12/15/20,3165.12,3323686,3181.01,3188.4999,3130.49
GOOG,12/15/20,1767.77,1482261,1764.42,1771.42,1749.95
MSFT,12/15/20,214.13,27018110,215.165,215.42,212.24
AAPL,12/14/20,121.78,79075990,122.6,123.35,121.54
AMZN,12/14/20,3156.97,4155794,3143,3190.47,3126
GOOG,12/14/20,1760.06,1600173,1775,1797.39,1757.215
MSFT,12/14/20,214.2,28798380,213.1,216.21,212.88
AAPL,12/11/20,122.41,86939790,122.43,122.76,120.55
AMZN,12/11/20,3116.42,3064695,3096.66,3118.67,3072.82
GOOG,12/11/20,1781.77,1220651,1763.06,1784.45,1760
MSFT,12/11/20,213.26,30979440,210.05,213.32,209.11
AAPL,12/10/20,123.24,81312170,120.5,123.87,120.15
AMZN,12/10/20,3101.49,3030186,3088.99,3142.1,3076
GOOG,12/10/20,1775.33,1362848,1769.8,1781.31,1740.32
MSFT,12/10/20,210.52,26467020,211.77,213.08,210.36
AAPL,12/9/20,121.78,115089200,124.53,125.95,121
AMZN,12/9/20,3104.2,4100836,3167.89,3174.43,3088
GOOG,12/9/20,1784.13,1507558,1812.01,1834.27,1767.81
MSFT,12/9/20,211.8,32440600,215.16,215.225,211.214
AAPL,12/8/20,124.38,82225510,124.37,124.98,123.09
AMZN,12/8/20,3177.29,3286303,3158.9,3184.13,3120.02
GOOG,12/8/20,1818.55,1096319,1810.1,1821.9,1796.2047
MSFT,12/8/20,216.01,23284090,213.97,216.95,212.89
AAPL,12/7/20,123.75,86711990,122.31,124.57,122.25
AMZN,12/7/20,3158,2751316,3156.48,3180.76,3141.69
GOOG,12/7/20,1819.48,1320946,1819,1832.37,1805.78
MSFT,12/7/20,214.29,24620000,214.37,215.54,212.99
AAPL,12/4/20,122.25,78260420,122.6,122.8608,121.52
AMZN,12/4/20,3162.58,2913611,3198.21,3198.21,3158.76
GOOG,12/4/20,1827.99,1378166,1824.52,1833.16,1816.99
MSFT,12/4/20,214.36,24666040,214.22,215.38,213.18
AAPL,12/3/20,122.94,78967630,123.52,123.78,122.21
AMZN,12/3/20,3186.73,2892039,3205.46,3228.64,3181.31
GOOG,12/3/20,1826.77,1227298,1824.01,1847.2,1822.65
MSFT,12/3/20,214.24,25120920,214.61,216.3757,213.65
AAPL,12/2/20,123.08,89004200,122.02,123.37,120.89
AMZN,12/2/20,3203.53,3129304,3221.65,3232,3173.2601
GOOG,12/2/20,1827.95,1222032,1798.1,1835.65,1789.4725
MSFT,12/2/20,215.37,23724510,214.88,215.47,212.8
AAPL,12/1/20,122.72,128166800,121.01,123.4693,120.01
AMZN,12/1/20,3220.08,4544382,3188.5,3248.95,3157.18
GOOG,12/1/20,1798.1,1739045,1774.37,1824.83,1769.37
MSFT,12/1/20,216.21,30931320,214.51,217.32,213.35
AAPL,11/30/20,119.05,169410200,116.97,120.97,116.81
AMZN,11/30/20,3168.04,4063916,3208.48,3228.39,3125.55
GOOG,11/30/20,1760.74,1823836,1781.184,1788.065,1755
MSFT,11/30/20,214.07,33064750,214.1,214.76,210.835
AAPL,11/27/20,116.59,46691330,116.57,117.49,116.22
AMZN,11/27/20,3195.34,2392867,3211.26,3216.19,3190.05
GOOG,11/27/20,1793.19,884916,1773.09,1804,1772.44
MSFT,11/27/20,215.23,14512210,214.85,216.27,214.04
AAPL,11/25/20,116.03,76499230,115.55,116.75,115.17
AMZN,11/25/20,3185.07,3790403,3141.87,3198,3140.26
GOOG,11/25/20,1771.43,1046122,1772.89,1778.54,1756.54
MSFT,11/25/20,213.87,21012890,215.11,215.29,212.46
AAPL,11/24/20,115.17,113874200,113.91,115.85,112.59
AMZN,11/24/20,3118.06,3602102,3100.5,3134.25,3086.258
GOOG,11/24/20,1768.88,1579703,1730.5,1771.6,1727.69
MSFT,11/24/20,213.86,33979730,209.59,214.25,208.86
AAPL,11/23/20,113.85,127959300,117.18,117.6202,113.75
AMZN,11/23/20,3098.39,4708887,3116.699,3139.745,3065.46
GOOG,11/23/20,1734.86,2161975,1749.6,1753.9,1717.72
MSFT,11/23/20,210.11,25683510,210.95,212.29,208.16
AAPL,11/20/20,117.34,73604290,118.64,118.77,117.29
AMZN,11/20/20,3099.4,3380138,3117.02,3132.89,3098.0456
GOOG,11/20/20,1742.19,2313655,1765.21,1774,1741.86
MSFT,11/20/20,210.39,22843120,212.2,213.285,210
AAPL,11/19/20,118.64,74112970,117.59,119.06,116.81
AMZN,11/19/20,3117.02,3010270,3105.31,3125,3080.92
GOOG,11/19/20,1763.92,1249910,1738.38,1769.5897,1737.005
MSFT,11/19/20,212.42,24792750,211.38,213.03,209.93
AAPL,11/18/20,118.03,76322110,118.61,119.82,118
AMZN,11/18/20,3105.46,2916836,3134,3140,3105.1
GOOG,11/18/20,1746.78,1173466,1765.23,1773.47,1746.14
MSFT,11/18/20,211.08,28372790,213.65,215.17,210.93
AAPL,11/17/20,119.39,74270970,119.55,120.6741,118.96
AMZN,11/17/20,3135.66,3444735,3183.545,3189.25,3135.26
GOOG,11/17/20,1770.15,1147114,1776.94,1785,1767
MSFT,11/17/20,214.46,24154110,216.1,217.68,214.08
AAPL,11/16/20,120.3,91183020,118.92,120.99,118.146
AMZN,11/16/20,3131.06,3808676,3093.2,3142.7,3072.685
GOOG,11/16/20,1781.38,1246785,1771.7,1799.07,1767.69
MSFT,11/16/20,217.23,24953340,214.87,217.74,214.52
AAPL,11/13/20,119.26,81688590,119.44,119.6717,117.87
AMZN,11/13/20,3128.81,3762587,3122,3141.7227,3085.39
GOOG,11/13/20,1777.02,1500574,1757.63,1781.04,1744.55
MSFT,11/13/20,216.51,18630310,216.36,217.42,214.16
AAPL,11/12/20,119.21,103350700,119.62,120.53,118.57
AMZN,11/12/20,3110.28,4371208,3159.95,3175.88,3086.05
GOOG,11/12/20,1749.84,1248754,1747.63,1768.27,1745.6
MSFT,11/12/20,215.44,21616120,217.21,219.11,214.46
AAPL,11/11/20,119.49,112295000,117.19,119.63,116.44
AMZN,11/11/20,3137.39,4366923,3061.78,3139.145,3050
GOOG,11/11/20,1752.71,1263966,1750,1764.22,1747.365
MSFT,11/11/20,216.55,29440790,212.39,218.04,212.2
AAPL,11/10/20,115.97,138023400,115.55,117.59,114.13
AMZN,11/10/20,3035.02,6590956,3095.02,3114,3019.4828
GOOG,11/10/20,1740.39,2636142,1731.09,1763,1717.3
MSFT,11/10/20,211.01,44045120,214.5,216.5,209.72
AAPL,11/9/20,116.32,154515300,120.5,121.99,116.05
AMZN,11/9/20,3143.74,7190406,3231.03,3289,3112.1057
GOOG,11/9/20,1763,2268270,1790.9,1818.06,1760.02
MSFT,11/9/20,218.39,44394950,224.435,228.12,217.88
AAPL,11/6/20,118.69,114457900,118.32,119.2,116.13
AMZN,11/6/20,3311.37,4647330,3304.64,3322,3232
GOOG,11/6/20,1761.75,1661225,1753.95,1772.43,1740.35
MSFT,11/6/20,223.72,25231900,222.26,224.36,218.03
AAPL,11/5/20,119.03,126387100,117.95,119.62,116.8686
AMZN,11/5/20,3322,5789285,3319.97,3366.8,3288.88
GOOG,11/5/20,1763.37,2065812,1781,1793.64,1750.51
MSFT,11/5/20,223.29,36080140,222.04,224.12,221.15
AAPL,11/4/20,114.95,138235500,114.14,115.59,112.35
AMZN,11/4/20,3241.16,6839041,3159.99,3244.85,3139.73
GOOG,11/4/20,1749.13,3570927,1710.28,1771.365,1706.0301
MSFT,11/4/20,216.39,42311780,214.02,218.32,212.4185
AAPL,11/3/20,110.44,107624400,109.66,111.49,108.73
AMZN,11/3/20,3048.41,4897880,3018.53,3074.9,2980.98
GOOG,11/3/20,1650.21,1661653,1631.78,1661.7,1616.6201
MSFT,11/3/20,206.43,27512030,203.89,208.12,203.12
AAPL,11/2/20,108.77,122866900,109.11,110.68,107.32
AMZN,11/2/20,3004.48,7257350,3061.74,3079.705,2950.12
GOOG,11/2/20,1626.03,2535446,1628.16,1660.77,1616.03
MSFT,11/2/20,202.33,30842160,204.29,205.28,200.12
AAPL,10/30/20,108.86,190573500,111.06,111.99,107.72
AMZN,10/30/20,3036.15,8396081,3157.75,3167.004,3019
GOOG,10/30/20,1621.01,4330862,1672.11,1687,1604.46
MSFT,10/30/20,202.47,36980110,203.5,204.29,199.62
AAPL,10/29/20,115.32,146129200,112.37,116.93,112.2
AMZN,10/29/20,3211.01,6596529,3201.27,3257.25,3164
GOOG,10/29/20,1567.24,2003064,1522.36,1593.71,1522.24
MSFT,10/29/20,204.72,31432560,204.07,207.36,203.37
AAPL,10/28/20,111.2,143937800,115.05,115.43,111.1
AMZN,10/28/20,3162.78,5588330,3249.3,3264.02,3162.47
GOOG,10/28/20,1516.62,1833959,1559.74,1561.35,1514.62
MSFT,10/28/20,202.68,51195590,207.67,208.84,202.1
AAPL,10/27/20,116.6,92276770,115.49,117.28,114.5399
AMZN,10/27/20,3286.33,4291047,3224.94,3291.66,3211.3
GOOG,10/27/20,1604.26,1229002,1595.67,1606.845,1582.78
MSFT,10/27/20,213.25,36700330,211.59,214.67,210.329
AAPL,10/26/20,115.05,111850700,114.01,116.55,112.88
AMZN,10/26/20,3207.04,5901151,3198.74,3282.9799,3153.3
GOOG,10/26/20,1590.45,1853254,1625.01,1638.24,1576.5
MSFT,10/26/20,210.08,37111560,213.85,216.3399,208.1
AAPL,10/23/20,115.04,82572650,116.39,116.55,114.28
AMZN,10/23/20,3204.4,3466687,3191,3205.33,3140
GOOG,10/23/20,1641,1375844,1626.07,1642.36,1620.51
MSFT,10/23/20,216.23,18879610,215.03,216.28,213.16
AAPL,10/22/20,115.75,101988000,117.45,118.04,114.59
AMZN,10/22/20,3176.4,4212005,3189.87,3198.75,3121.94
GOOG,10/22/20,1615.33,1434042,1593.05,1621.99,1585
MSFT,10/22/20,214.89,22351450,213.93,216.055,211.7
AAPL,10/21/20,116.87,89945980,116.67,118.705,116.45
AMZN,10/21/20,3184.94,4592736,3212.5,3233.875,3160
GOOG,10/21/20,1593.31,2568345,1573.33,1618.73,1571.6301
MSFT,10/21/20,214.8,22724910,213.12,216.92,213.12
AAPL,10/20/20,117.51,124423700,116.2,118.98,115.63
AMZN,10/20/20,3217.01,4509678,3222.28,3266,3192.01
GOOG,10/20/20,1555.93,2242572,1527.05,1577.5,1525.67
MSFT,10/20/20,214.65,22753510,215.8,217.37,213.0901
AAPL,10/19/20,115.98,120639300,119.96,120.419,115.66
AMZN,10/19/20,3207.21,5223626,3299.61,3329,3192.735
GOOG,10/19/20,1534.61,1607075,1580.46,1588.15,1528
MSFT,10/19/20,214.22,27625840,220.415,222.3,213.72
AAPL,10/16/20,119.02,115393800,121.28,121.548,118.81
AMZN,10/16/20,3272.71,6474353,3363.23,3399.6606,3160
GOOG,10/16/20,1573.01,1435137,1565.85,1581.13,1563
MSFT,10/16/20,219.66,26057880,220.15,222.29,219.32
AAPL,10/15/20,120.71,112559200,118.72,121.2,118.15
AMZN,10/15/20,3338.65,5223448,3292.01,3355.88,3280
GOOG,10/15/20,1559.13,1540817,1547.15,1575.105,1545.03
MSFT,10/15/20,219.66,22733060,217.1,220.36,216.01
AAPL,10/14/20,121.19,151062300,121,123.03,119.62
AMZN,10/14/20,3363.71,5828916,3447,3464.88,3340
GOOG,10/14/20,1568.08,1930990,1578.59,1587.6841,1550.53
MSFT,10/14/20,220.86,23451710,223,224.22,219.13
AAPL,10/13/20,121.1,262330500,125.27,125.39,119.65
AMZN,10/13/20,3443.63,5744697,3467.99,3492.38,3424.217
GOOG,10/13/20,1571.68,1601043,1583.73,1590,1563.2
MSFT,10/13/20,222.86,28950840,222.72,225.21,220.43
AAPL,10/12/20,124.4,240226800,120.06,125.18,119.2845
AMZN,10/12/20,3442.93,8364198,3349.94,3496.24,3339.55
GOOG,10/12/20,1569.15,2482560,1543,1593.86,1532.57
MSFT,10/12/20,221.4,40461370,218.79,223.86,216.81
AAPL,10/9/20,116.97,100506900,115.28,117,114.92
AMZN,10/9/20,3286.65,4907871,3210,3288.99,3197.83
GOOG,10/9/20,1515.22,1435542,1494.7,1516.52,1489.45
MSFT,10/9/20,215.81,26458050,211.23,215.86,211.23
AAPL,10/8/20,114.97,83477150,116.25,116.4,114.5901
AMZN,10/8/20,3190.55,3174114,3224.99,3233.2944,3174.99
GOOG,10/8/20,1485.93,1187831,1465.09,1490,1465.09
MSFT,10/8/20,210.58,19925840,210.51,211.19,208.32
AAPL,10/7/20,115.08,96848990,114.62,115.55,114.13
AMZN,10/7/20,3195.69,4309439,3135,3200,3132.385
GOOG,10/7/20,1460.29,1746156,1464.29,1468.96,1436
MSFT,10/7/20,209.83,25681050,207.06,210.11,206.72
AAPL,10/6/20,113.16,161498200,115.7,116.12,112.25
AMZN,10/6/20,3099.96,5086857,3165,3182,3090
GOOG,10/6/20,1453.44,1245423,1475.58,1486.76,1448.5901
MSFT,10/6/20,205.91,28554260,208.82,210.18,204.82
AAPL,10/5/20,116.5,106243800,113.91,116.65,113.55
AMZN,10/5/20,3199.2,3775332,3145.84,3202.53,3140.85
GOOG,10/5/20,1486.02,1113257,1466.21,1488.21,1464.27
MSFT,10/5/20,210.38,21331560,207.22,210.41,206.98
AAPL,10/2/20,113.02,144712000,112.89,115.37,112.22
AMZN,10/2/20,3125,5613098,3153.63,3195.7965,3123
GOOG,10/2/20,1458.42,1284071,1462.03,1483.2,1450.92
MSFT,10/2/20,206.19,33154780,208,210.99,205.54
AAPL,10/1/20,116.79,116120400,117.64,117.72,115.83
AMZN,10/1/20,3221.26,4971922,3208,3224,3172
GOOG,10/1/20,1490.09,1779497,1484.27,1499.04,1479.21
MSFT,10/1/20,212.46,27158420,213.49,213.99,211.32
AAPL,9/30/20,115.81,142675200,113.79,117.26,113.62
AMZN,9/30/20,3148.73,4896101,3141.14,3212.88,3133.99
GOOG,9/30/20,1469.6,1701608,1466.8,1489.75,1459.88
MSFT,9/30/20,210.33,33829090,207.73,211.98,206.54
AAPL,9/29/20,114.09,100060500,114.55,115.31,113.57
AMZN,9/29/20,3144.88,3503398,3175.39,3188.26,3132.54
GOOG,9/29/20,1469.33,979102,1470.39,1476.6632,1458.805
MSFT,9/29/20,207.26,24464470,209.35,210.07,206.81
AAPL,9/28/20,114.96,137672400,115.01,115.32,112.78
AMZN,9/28/20,3174.05,4224165,3148.85,3175.04,3117.1684
GOOG,9/28/20,1464.52,2007941,1474.21,1476.8,1449.3012
MSFT,9/28/20,209.44,32004940,210.88,212.57,208.06
AAPL,9/25/20,112.28,149981400,108.43,112.44,107.67
AMZN,9/25/20,3095.13,4615202,3054.86,3101.54,2999
GOOG,9/25/20,1444.96,1323375,1432.63,1450,1413.34
MSFT,9/25/20,207.82,29437310,203.55,209.04,202.54
AAPL,9/24/20,108.22,167743300,105.17,110.25,105
AMZN,9/24/20,3019.79,5529392,2977.79,3069.3,2965
GOOG,9/24/20,1428.29,1450216,1411.03,1443.7088,1409.85
MSFT,9/24/20,203.19,31202490,199.85,205.57,199.2
AAPL,9/23/20,107.12,150718700,111.62,112.11,106.77
AMZN,9/23/20,2999.86,5652665,3120.43,3126.999,2992.3759
GOOG,9/23/20,1415.21,1657350,1458.78,1460.96,1407.7
MSFT,9/23/20,200.59,30803780,207.9,208.1,200.03
AAPL,9/22/20,111.81,183055400,112.68,112.86,109.16
AMZN,9/22/20,3128.99,6948816,3033.835,3133.99,3000.2
GOOG,9/22/20,1465.46,1583201,1450.09,1469.52,1434.53
MSFT,9/22/20,207.42,33517070,205.06,208.1,202.075
AAPL,9/21/20,110.08,195713800,104.54,110.19,103.1
AMZN,9/21/20,2960.47,6117925,2906.5,2962,2871
GOOG,9/21/20,1431.16,2888827,1440.06,1448.36,1406.55
MSFT,9/21/20,202.54,39839660,197.19,202.71,196.38
AAPL,9/18/20,106.84,287104900,110.4,110.88,106.09
AMZN,9/18/20,2954.91,8892580,3031.74,3037.8,2905.54
GOOG,9/18/20,1459.99,3103882,1498.01,1503.0032,1437.13
MSFT,9/18/20,200.39,55225330,202.8,203.65,196.25
AAPL,9/17/20,110.34,178011000,109.72,112.2,108.71
AMZN,9/17/20,3008.73,6449050,3009.25,3029.432,2972.55
GOOG,9/17/20,1495.53,1879751,1496,1508.2984,1470.0001
MSFT,9/17/20,202.91,34011260,200.05,204.33,199.96
AAPL,9/16/20,112.13,155026700,115.23,116,112.04
AMZN,9/16/20,3078.1,4531189,3179.99,3187.238,3074.15
GOOG,9/16/20,1520.9,1312299,1555.54,1562,1519.82
MSFT,9/16/20,205.05,26372460,210.62,210.65,204.64
AAPL,9/15/20,115.54,184642000,118.33,118.829,113.61
AMZN,9/15/20,3156.13,4021535,3136.16,3175.02,3108.92
GOOG,9/15/20,1541.44,1331082,1536,1559.57,1531.835
MSFT,9/15/20,208.78,21823940,208.42,209.78,206.93
AAPL,9/14/20,115.355,140150100,114.72,115.93,112.8
AMZN,9/14/20,3102.97,4529596,3172.937,3187.39,3096
GOOG,9/14/20,1519.28,1696589,1539.005,1563.9999,1515.74
MSFT,9/14/20,205.41,30375770,204.24,209.2,204.03
AAPL,9/11/20,112,180860300,114.57,115.23,110
AMZN,9/11/20,3116.22,5093982,3208.69,3217.3409,3083.98
GOOG,9/11/20,1520.72,1597087,1536,1575.2,1497.36
MSFT,9/11/20,204.03,33620070,207.2,208.63,201.24
AAPL,9/10/20,113.49,182274400,120.36,120.5,112.5
AMZN,9/10/20,3175.11,5330741,3307.219,3349.89,3170.55
GOOG,9/10/20,1532.02,1618557,1560.64,1584.081,1525.805
MSFT,9/10/20,205.37,35461510,213.4,214.74,204.11
AAPL,9/9/20,117.32,176940500,117.26,119.14,115.26
AMZN,9/9/20,3268.61,5188675,3202.99,3303.175,3185
GOOG,9/9/20,1556.96,1774704,1557.53,1569,1536.0511
MSFT,9/9/20,211.29,45678990,207.6,214.8399,206.7
AAPL,9/8/20,112.82,231366600,113.95,118.99,112.68
AMZN,9/8/20,3149.84,6094205,3144,3250.845,3130
GOOG,9/8/20,1532.39,2610884,1533.51,1563.865,1528.01
MSFT,9/8/20,202.66,52924330,206.5,210.03,202.2
AAPL,9/4/20,120.96,332607200,120.07,123.7,110.89
AMZN,9/4/20,3294.62,8781754,3318,3381.5,3111.13
GOOG,9/4/20,1591.04,2608568,1624.26,1645.11,1547.6125
MSFT,9/4/20,214.25,59664070,215.1,218.3599,205.19
AAPL,9/3/20,120.88,257599600,126.91,128.84,120.5
AMZN,9/3/20,3368,8161113,3485,3488.41,3303
GOOG,9/3/20,1641.84,3107763,1709.7143,1709.7143,1615.06
MSFT,9/3/20,217.3,58400290,229.27,229.31,214.9602
AAPL,9/2/20,131.4,200119000,137.59,137.98,127
AMZN,9/2/20,3531.45,3931476,3547,3552.25,3486.685
GOOG,9/2/20,1728.28,2511180,1673.7754,1733.1799,1666.3301
MSFT,9/2/20,231.65,34080840,227.97,232.86,227.35
AAPL,9/1/20,134.18,152470100,132.76,134.8,130.53
AMZN,9/1/20,3499.12,3476407,3489.58,3513.87,3467
GOOG,9/1/20,1660.71,1826655,1636.63,1665.73,1632.22
MSFT,9/1/20,227.27,25791240,225.51,227.45,224.43
AAPL,8/31/20,129.04,225702700,127.58,131,126
AMZN,8/31/20,3450.96,4185885,3408.99,3495,3405
GOOG,8/31/20,1634.18,1823406,1647.89,1647.965,1630.31
MSFT,8/31/20,225.53,28774160,227,228.7,224.31
AAPL,8/28/20,124.8075,187629920,126.0125,126.4425,124.5775
AMZN,8/28/20,3401.8,2896978,3423,3433.3699,3386.5
GOOG,8/28/20,1644.41,1499782,1633.49,1647.1699,1630.75
MSFT,8/28/20,228.91,26292900,228.18,230.644,226.58
AAPL,8/27/20,125.01,155552400,127.1425,127.485,123.8325
AMZN,8/27/20,3400,4264795,3450.05,3453,3378
GOOG,8/27/20,1634.33,1861602,1653.68,1655,1625.75
MSFT,8/27/20,226.58,57602200,222.89,231.15,219.4
AAPL,8/26/20,126.5225,163022280,126.1793,126.9925,125.0825
AMZN,8/26/20,3441.85,6508743,3351.11,3451.7387,3344.5675
GOOG,8/26/20,1652.38,3581072,1608,1659.22,1603.6
MSFT,8/26/20,221.15,39600830,217.88,222.09,217.36
AAPL,8/25/20,124.825,211495800,124.6975,125.1793,123.0525
AMZN,8/25/20,3346.49,3992842,3294.99,3357.4,3267
GOOG,8/25/20,1608.22,2132084,1582.07,1611.62,1582.07
MSFT,8/25/20,216.47,23043700,213.1,216.61,213.1
AAPL,8/24/20,125.8575,345937760,128.6975,128.785,123.9363
AMZN,8/24/20,3307.46,4666258,3310.15,3380.315,3257.5608
GOOG,8/24/20,1588.2,1410229,1593.98,1614.17,1580.57
MSFT,8/24/20,213.69,25460150,214.79,215.52,212.43
AAPL,8/21/20,124.37,338054640,119.2625,124.868,119.25
AMZN,8/21/20,3284.72,3575862,3295,3314.3962,3275.39
GOOG,8/21/20,1580.42,1446453,1577.03,1597.72,1568.005
MSFT,8/21/20,213.02,36249320,213.86,216.25,212.85
AAPL,8/20/20,118.275,126907200,115.75,118.392,115.7334
AMZN,8/20/20,3297.37,3332478,3252,3312.62,3238
GOOG,8/20/20,1581.75,1706877,1543.45,1585.87,1538.2
MSFT,8/20/20,214.58,26981480,209.54,215,208.91
AAPL,8/19/20,115.7075,145538000,115.9833,117.1625,115.61
AMZN,8/19/20,3260.48,4185137,3303.01,3315.9,3256.0001
GOOG,8/19/20,1547.53,1660611,1553.31,1573.68,1543.95
MSFT,8/19/20,209.7,27627560,211.49,212.1,209.25
AAPL,8/18/20,115.5625,105633560,114.3525,116,114.0075
AMZN,8/18/20,3312.49,5345974,3212,3320,3205.8187
GOOG,8/18/20,1558.6,2027086,1526.18,1562.47,1523.71
MSFT,8/18/20,211.49,21336170,210.53,212.36,209.21
AAPL,8/17/20,114.6075,119561440,116.0625,116.0875,113.9625
AMZN,8/17/20,3182.41,2691237,3173.12,3194.97,3154.1775
GOOG,8/17/20,1517.98,1378600,1514.67,1525.61,1507.97
MSFT,8/17/20,210.28,20184760,209.6,211.1874,208.915
AAPL,8/14/20,114.9075,165565200,114.8288,115,113.045
AMZN,8/14/20,3148.02,2751723,3178.18,3178.2357,3120
GOOG,8/14/20,1507.73,1355200,1515.66,1521.9,1502.88
MSFT,8/14/20,208.9,17958940,208.76,209.59,207.51
AAPL,8/13/20,115.01,210082080,114.43,116.0425,113.9275
AMZN,8/13/20,3161.02,3149043,3182.99,3217.5211,3155
GOOG,8/13/20,1518.45,1455208,1510.34,1537.25,1508.005
MSFT,8/13/20,208.7,22588870,209.44,211.35,208.15